0,1.036,-1.757
0,0.818,-1.39
0,1.198,-1.552
0,0.991,-1.596
0,0.998,-1.703
0,1.168,-1.331
0,1.012,-1.586
0,0.733,-1.397
0,1.101,-1.439
0,1.075,-1.081
0,0.982,-1.489
0,1.118,-1.261
0,0.608,-1.361
0,1.403,-1.437
0,1.135,-1.16
0,0.912,-1.577
0,1.039,-1.658
0,0.795,-1.658
0,1.255,-1.621
0,1.021,-1.416
0,0.909,-1.624
0,1.196,-1.507
0,1.029,-1.373
0,0.732,-1.22
0,0.736,-1.357
0,0.789,-1.282
0,0.868,-1.708
0,0.984,-1.478
0,1.021,-1.288
0,0.883,-1.778
0,0.713,-1.583
0,0.846,-1.411
0,1.153,-1.275
0,1.001,-1.417
0,1.524,-1.832
0,1.226,-1.875
0,1.098,-1.48
0,0.852,-1.45
0,1.026,-1.898
0,0.774,-1.441
0,1.018,-1.571
0,1.028,-1.601
0,0.797,-1.771
0,1.017,-1.355
0,1.404,-1.639
0,0.995,-1.728
0,0.72,-1.387
0,1.34,-1.279
0,1.207,-1.139
0,1.409,-1.868
0,1.084,-1.454
0,1.093,-1.324
0,1.021,-1.244
0,0.932,-1.465
0,1.013,-1.569
0,1.304,-1.539
0,1.032,-1.783
0,1.022,-1.537
0,0.968,-1.383
0,1.168,-1.628
0,1.029,-1.261
0,1.139,-1.401
0,0.513,-1.413
0,0.782,-1.429
0,1.092,-1.195
0,0.88,-1.594
0,0.859,-1.385
0,1.076,-1.518
0,1.256,-1.975
0,1.185,-1.483
0,1.053,-1.759
0,0.8,-1.341
0,0.933,-1.673
0,1.129,-1.637
0,0.855,-2.165
0,1.012,-1.561
0,1.184,-1.54
0,1.143,-1.534
0,1.133,-1.784
0,0.924,-1.538
0,0.989,-1.636
0,0.932,-1.853
0,1.104,-1.603
0,0.929,-1.521
0,0.924,-1.419
0,1.246,-1.659
0,1.049,-1.541
0,1.139,-1.627
0,0.992,-1.534
0,0.94,-1.474
0,1.118,-1.716
0,0.756,-1.088
0,1.042,-1.502
0,1.114,-1.484
0,1.398,-1.508
0,1.014,-1.54
0,1.008,-1.808
0,0.963,-1.338
0,1.256,-1.164
0,1.024,-1.39
0,0.842,-1.414
0,0.689,-1.228
0,1.302,-1.421
0,1.024,-1.691
0,1.442,-1.828
0,1.061,-1.371
0,1.018,-1.885
0,0.93,-1.117
0,0.914,-1.449
0,1.031,-1.333
0,0.965,-1.401
0,0.772,-1.633
0,0.936,-1.762
0,1.058,-1.698
0,0.664,-1.897
0,0.811,-1.629
0,0.929,-1.366
0,0.875,-1.51
0,0.961,-1.984
0,1.238,-1.246
0,1.012,-1.452
0,0.698,-1.718
0,0.96,-1.712
0,0.957,-1.8
0,0.944,-1.429
0,1.079,-1.466
0,0.864,-1.785
0,1.005,-1.653
0,0.81,-1.716
0,0.795,-1.211
0,1.166,-1.571
0,1.01,-1.303
0,1.182,-1.544
0,0.855,-1.811
0,0.745,-1.388
0,0.787,-1.455
0,0.716,-1.561
0,1.112,-1.359
0,1.222,-1.379
0,0.953,-1.198
0,0.877,-1.745
0,0.487,-1.348
0,1.3,-1.165
0,0.88,-1.534
0,1.091,-1.563
0,1.242,-1.408
0,1.596,-1.333
0,0.593,-1.642
0,0.865,-1.488
0,1.078,-1.388
0,0.977,-1.455
0,1.208,-1.423
0,1.105,-1.541
0,0.865,-1.511
0,1.293,-1.506
0,0.965,-1.503
0,1.302,-1.454
0,1.077,-1.736
0,0.794,-1.493
0,0.998,-1.549
0,0.903,-1.967
0,0.967,-1.159
0,1.019,-1.825
0,1.022,-1.47
0,0.55,-1.369
0,1.037,-1.577
0,0.736,-1.621
0,1.001,-1.536
0,1.302,-1.446
0,1.135,-1.471
0,1.035,-1.343
0,1.077,-1.417
0,1.058,-1.528
0,0.514,-1.548
0,1.142,-1.69
0,0.884,-1.411
0,0.842,-1.18
0,1.001,-1.427
0,1.259,-1.576
0,0.963,-1.52
0,1.047,-1.362
0,1.028,-1.258
0,1.176,-1.361
0,0.927,-1.392
0,1.283,-1.469
0,0.83,-1.478
0,1.266,-1.448
0,1.106,-1.631
0,0.801,-1.634
0,1.101,-1.489
0,0.977,-1.415
0,0.732,-1.909
0,0.866,-1.617
0,0.955,-1.328
0,1.098,-1.592
0,0.997,-1.775
0,1.144,-1.588
0,1.188,-1.409
0,1.02,-1.474
0,0.968,-1.775
0,1.079,-1.182
0,1.062,-1.498
0,1.306,-1.897
0,0.648,-1.361
0,1.22,-1.324
0,0.862,-1.484
0,0.78,-1.281
0,1.23,-1.255
0,1.184,-1.446
0,0.879,-1.769
0,1.048,-1.855
0,1.223,-1.239
0,0.889,-1.008
0,0.777,-1.704
0,0.827,-1.881
0,1.036,-1.754
0,1.294,-1.483
0,0.796,-1.428
0,0.767,-1.686
0,0.949,-1.182
0,1.012,-1.59
0,0.931,-1.61
0,0.932,-1.585
0,1.108,-1.658
0,0.809,-1.44
0,1.28,-1.391
0,0.884,-1.694
0,1.255,-1.432
0,0.627,-1.437
0,1.123,-1.679
0,1.151,-1.739
0,1.212,-1.171
0,1.148,-1.407
0,0.492,-1.221
0,0.994,-1.424
0,1.236,-1.459
0,1.074,-1.549
0,1.062,-1.565
0,1.07,-1.271
0,0.411,-1.497
0,0.976,-1.615
0,0.921,-1.597
0,1.032,-1.676
0,0.74,-1.646
0,1.015,-1.621
0,0.955,-1.69
0,1.047,-1.424
0,0.829,-1.477
0,1.037,-1.645
0,1.164,-1.354
0,1.063,-1.489
0,1.181,-1.644
0,1.308,-1.375
0,1,-1.827
0,1.029,-1.578
0,1.181,-1.603
0,0.701,-1.42
0,1.177,-1.691
0,1.215,-1.592
0,0.775,-1.564
0,0.724,-1.641
0,1.235,-1.758
0,0.794,-1.335
0,0.823,-1.758
0,1.156,-1.616
0,0.673,-1.532
0,0.673,-1.336
0,0.824,-1.338
0,0.998,-1.532
0,1.045,-1.561
0,0.82,-1.685
0,1.022,-1.49
0,0.925,-1.318
0,1.123,-1.428
0,1.32,-1.503
0,0.907,-1.32
0,1.16,-1.244
0,0.916,-1.258
0,1.095,-1.249
0,0.882,-1.273
0,0.667,-1.585
0,1.065,-1.357
0,0.844,-1.382
0,0.787,-1.516
0,0.889,-1.708
0,0.922,-1.6
0,0.523,-1.833
0,1.065,-1.53
0,1.289,-1.607
0,0.748,-1.249
0,0.927,-1.592
0,1.172,-1.447
0,0.625,-0.999
0,0.978,-1.362
0,0.899,-1.476
0,1.021,-1.635
0,1.266,-1.148
0,0.83,-1.477
0,1.236,-1.329
0,1.089,-1.716
0,1.121,-1.337
0,0.661,-1.778
0,0.752,-1.241
0,1.176,-1.84
0,0.873,-1.481
0,0.636,-1.327
0,0.955,-1.265
0,0.817,-1.452
0,0.863,-1.392
0,0.868,-1.426
0,1.279,-1.398
0,1.129,-1.423
0,1.041,-1.36
0,1.08,-1.644
0,0.751,-1.388
0,1.119,-1.587
0,0.921,-1.511
0,1.233,-1.677
0,0.757,-1.24
0,0.749,-1.915
0,1.032,-1.696
0,1.2,-1.365
0,0.738,-1.405
0,1.162,-1.649
0,0.869,-1.526
0,0.869,-1.56
0,1.164,-1.284
0,0.798,-1.676
0,0.98,-1.429
0,0.933,-1.27
0,1.212,-1.466
0,0.655,-1.528
0,0.891,-1.663
0,0.795,-1.433
0,0.696,-1.459
0,0.987,-1.466
0,1,-1.395
0,1.06,-1.649
0,0.919,-1.325
0,0.875,-1.461
0,1.154,-1.15
0,0.821,-1.63
0,0.967,-1.532
0,0.776,-1.417
0,0.914,-1.589
0,1.208,-1.524
0,0.881,-1.522
0,0.795,-1.312
0,1.055,-1.689
0,1.384,-1.482
0,1.016,-1.681
0,0.741,-1.324
0,0.643,-1.531
0,1.003,-1.453
0,0.936,-1.426
0,1.047,-1.429
0,1.054,-1.726
0,1.065,-1.528
0,0.945,-1.603
0,1.019,-1.094
0,0.689,-1.848
0,1.099,-1.469
0,1.5,-1.625
0,1.667,-1.554
0,1.07,-1.769
0,1.122,-1.675
0,1.116,-1.665
0,1.379,-1.662
0,0.877,-1.52
0,1.087,-1.527
0,0.878,-1.821
0,0.672,-1.568
0,1.165,-1.449
0,1.442,-1.371
0,0.611,-1.612
0,0.511,-1.422
0,1.118,-1.182
0,1.221,-1.448
0,1.067,-1.002
0,0.988,-1.479
0,0.891,-1.629
0,0.962,-1.333
0,1.19,-1.334
0,1.168,-1.252
0,0.775,-1.227
0,1.116,-1.77
0,0.987,-1.528
0,1.125,-1.377
0,1.099,-1.26
0,1.156,-1.934
0,1.307,-1.654
0,0.974,-1.318
0,1.334,-1.471
0,0.868,-1.109
0,0.744,-1.711
0,0.947,-1.462
0,1.234,-1.183
0,1.014,-1.614
0,0.892,-1.409
0,0.984,-1.387
0,0.818,-1.543
0,1.082,-1.62
0,1.209,-1.435
0,0.844,-1.633
0,0.96,-1.406
0,0.972,-1.502
0,0.852,-1.497
0,0.759,-1.877
0,1.055,-1.162
0,1.161,-1.572
0,0.967,-1.413
0,1.194,-1.396
0,1.328,-1.624
0,1.101,-1.393
0,1.151,-1.396
0,0.89,-1.538
0,0.921,-1.316
0,1.198,-1.292
0,1.216,-1.973
0,0.967,-1.906
0,1.077,-1.222
0,1.528,-1.379
0,1.097,-1.226
0,1.003,-1.4
0,0.545,-1.544
0,1.247,-1.46
0,1.079,-1.577
0,0.857,-1.484
0,1.277,-1.717
0,1.153,-1.785
0,0.99,-1.823
0,1.117,-1.768
0,0.839,-1.371
0,0.829,-1.181
0,1.58,-1.522
0,0.84,-1.453
0,0.906,-1.175
0,1.178,-1.268
0,1.624,-1.04
0,1.143,-1.329
0,1.154,-1.684
0,1.112,-1.418
0,1.178,-1.179
0,0.977,-1.983
0,1.329,-1.362
0,0.738,-1.874
0,0.764,-1.392
0,1.137,-1.33
0,1.183,-1.54
0,1.038,-1.561
0,1.098,-1.522
0,0.629,-1.308
0,1.007,-1.474
0,0.743,-1.567
0,0.969,-1.35
0,1.052,-1.637
0,1.039,-1.56
0,0.621,-1.606
0,0.793,-1.32
0,0.861,-1.727
0,1.175,-1.489
0,0.576,-1.682
0,1.019,-1.258
0,1.075,-1.673
0,1.27,-1.54
0,1.184,-1.427
0,1.185,-1.842
0,0.698,-1.587
0,0.891,-1.452
0,0.87,-1.475
0,0.71,-1.821
0,1.093,-1.624
0,0.954,-1.356
0,0.756,-1.461
0,0.981,-1.492
0,1.209,-1.605
0,0.98,-1.85
0,1.222,-1.513
0,0.837,-1.838
0,1.085,-1.51
0,0.698,-1.631
0,1.22,-1.339
0,1.016,-1.31
0,0.781,-0.989
0,1.016,-1.201
0,1.093,-1.543
0,1.066,-1.516
0,1.085,-1.722
0,0.739,-1.263
0,1.182,-1.26
0,0.953,-1.493
0,1.16,-1.378
0,0.969,-1.601
0,1.13,-1.181
0,1.251,-1.767
0,0.648,-1.482
0,1.147,-1.242
0,1.204,-1.736
0,1.163,-1.589
0,0.894,-1.421
0,0.968,-1.313
0,0.912,-1.469
0,0.991,-1.138
0,1.024,-1.637
0,0.975,-1.767
0,0.936,-1.884
0,0.871,-1.066
0,0.856,-1.165
0,1.161,-1.492
0,0.613,-1.522
0,1.324,-1.429
0,0.994,-1.46
0,0.671,-1.428
0,1.125,-1.879
0,0.923,-1.618
0,0.965,-1.405
0,0.725,-1.382
0,1.147,-1.466
0,1.014,-1.311
0,0.759,-1.697
0,1.12,-1.809
0,1.183,-1.388
0,0.866,-1.094
0,0.821,-1.563
0,1.128,-1.504
0,1.025,-1.806
0,0.854,-1.552
0,1.205,-1.452
0,0.764,-1.563
0,0.991,-1.569
0,0.769,-1.193
0,0.921,-1.533
0,1.075,-1.325
0,0.808,-1.472
0,1.176,-2.041
0,0.818,-2.06
0,1.01,-1.54
0,1.074,-1.687
0,0.947,-1.304
0,0.79,-1.41
0,1.221,-1.53
0,0.845,-1.312
0,0.589,-1.523
0,1.24,-1.441
0,0.788,-1.772
0,0.867,-1.798
0,0.906,-1.373
0,0.948,-1.515
0,1.294,-1.924
0,1.082,-1.739
0,0.933,-1.606
0,0.643,-1.196
0,0.904,-1.501
0,1.18,-1.549
0,0.896,-1.438
0,1.015,-1.688
0,0.895,-1.375
0,1.159,-1.294
0,1.191,-1.58
0,0.867,-1.383
0,0.824,-1.595
0,1.011,-1.515
0,1.083,-1.636
0,1.1,-1.557
0,0.929,-1.377
0,1.137,-1.71
0,0.944,-1.493
0,0.984,-1.737
0,0.923,-1.468
0,0.974,-1.367
0,1.346,-1.264
0,1.279,-1.803
0,1.172,-1.481
0,1.022,-1.641
0,0.923,-1.618
0,1.12,-1.323
0,0.823,-1.259
0,1.214,-1.341
0,0.749,-1.579
0,1.002,-1.76
0,0.984,-1.625
0,1.051,-1.476
0,1.152,-1.776
0,0.91,-1.597
0,0.991,-1.74
0,1.211,-1.505
0,0.676,-1.306
0,1.128,-1.525
0,0.883,-1.198
0,1.101,-1.415
0,0.649,-1.92
0,0.692,-1.755
0,0.794,-1.804
0,1.405,-1.31
0,1.282,-1.357
0,0.91,-1.477
0,1.052,-1.372
0,1.106,-1.569
0,1.306,-1.413
0,1.041,-1.175
0,0.805,-1.603
0,0.691,-1.54
0,1.071,-1.344
0,1.076,-1.267
0,0.918,-1.544
0,0.979,-1.066
0,0.768,-1.453
0,1.113,-1.528
0,0.923,-1.535
0,1.096,-1.217
0,0.743,-1.538
0,1.163,-1.222
0,0.731,-2.026
0,1.142,-1.465
0,1.305,-1.729
0,0.68,-1.431
0,0.895,-1.347
0,0.868,-1.374
0,0.782,-1.298
0,1.275,-1.141
0,1.262,-1.595
0,0.977,-1.645
0,1.18,-1.825
0,1.235,-1.467
0,1.345,-1.499
0,0.904,-1.46
0,0.709,-1.771
0,1.094,-1.696
0,0.899,-1.307
0,1.111,-1.627
0,1.105,-1.058
0,1.27,-1.131
0,1.335,-1.599
0,1.116,-1.502
0,1.153,-1.348
0,1.205,-1.472
0,0.88,-1.589
0,1.183,-1.326
0,1.126,-1.575
0,1.03,-1.034
0,0.878,-1.444
0,0.699,-1.398
0,0.954,-1.618
0,1.15,-1.545
0,1.132,-1.434
0,0.813,-1.282
0,0.675,-1.633
0,1.274,-1.37
0,0.861,-1.565
0,0.833,-1.556
0,0.834,-1.159
0,1.205,-1.061
0,1.22,-1.671
0,0.983,-1.351
0,1.019,-1.727
0,0.964,-1.431
0,0.658,-1.4
0,0.98,-1.777
0,1.005,-1.391
0,1.169,-1.667
0,0.891,-1.693
0,1.204,-1.426
0,0.972,-1.486
0,0.993,-1.457
0,0.836,-1.309
0,0.769,-1.504
0,1.033,-1.309
0,1.167,-1.308
0,1.318,-1.507
0,1.202,-1.469
0,0.943,-1.549
0,0.84,-1.237
0,1.275,-1.109
0,0.949,-1.423
0,0.695,-1.594
0,1.144,-1.406
0,1.086,-1.606
0,1.424,-1.482
0,1.267,-1.757
0,0.905,-1.328
0,0.74,-1.435
0,1.185,-1.31
0,0.836,-1.231
0,1.006,-1.464
0,1.054,-1.468
0,0.67,-1.835
0,0.642,-1.484
0,0.776,-1.262
0,1.101,-1.523
0,1.055,-1.597
0,0.819,-1.398
0,0.957,-1.552
0,0.951,-1.568
0,1.295,-1.321
0,1.084,-1.478
0,1.252,-1.545
0,1.163,-1.481
0,1.344,-1.575
0,0.741,-1.582
0,1.168,-1.504
0,1.119,-1.44
0,0.805,-1.349
0,1.113,-1.641
0,0.99,-1.531
0,1.271,-1.554
0,0.819,-1.533
0,1,-1.593
0,0.941,-1.418
0,0.918,-1.422
0,0.836,-1.451
0,1.211,-1.434
0,1.099,-1.536
0,0.846,-1.542
0,1.063,-1.564
0,0.528,-1.464
0,0.879,-1.455
0,0.888,-1.871
0,0.666,-1.531
0,1.212,-1.49
0,0.881,-1.484
0,0.684,-1.633
0,0.662,-1.534
0,1.077,-1.418
0,0.792,-1.411
0,0.711,-1.15
0,0.685,-1.463
0,1.17,-1.553
0,0.936,-1.396
0,1.338,-1.567
0,0.849,-2.031
0,0.757,-1.779
0,1.103,-1.391
0,0.955,-1.186
0,0.96,-1.764
0,0.908,-1.544
0,1.128,-1.674
0,1.22,-1.046
0,1.149,-1.482
0,1.207,-1.57
0,0.943,-1.257
0,0.917,-1.583
0,0.974,-1.828
0,1.034,-1.547
0,1.418,-1.584
0,1.009,-1.356
0,1.36,-1.308
0,0.986,-1.478
0,1.047,-1.571
0,1.136,-1.591
0,1.223,-1.54
0,1.085,-1.305
0,0.857,-1.817
0,0.978,-1.294
0,1.235,-1.19
0,1.11,-1.314
0,1.243,-1.421
0,1.196,-1.423
0,0.647,-1.585
0,0.793,-1.203
0,1.269,-1.425
0,0.599,-1.958
0,0.916,-1.468
0,0.946,-1.69
0,1.07,-1.886
0,1.241,-1.509
0,0.957,-1.475
0,1.239,-1.627
0,1.181,-1.352
0,1.028,-1.754
0,1.053,-1.391
0,1.223,-1.649
0,1.079,-1.408
0,0.987,-1.906
0,0.666,-1.338
0,1.382,-1.385
0,1.173,-1.458
0,0.682,-1.746
0,0.81,-1.483
0,1.002,-1.22
0,0.617,-1.203
0,0.865,-1.496
0,1.014,-1.51
0,0.902,-1.583
0,0.832,-1.657
0,1.089,-1.524
0,1.097,-1.476
0,0.947,-1.297
0,0.87,-1.512
0,1.098,-1.728
0,0.939,-1.345
0,1.074,-1.403
0,1.2,-1.221
0,1.028,-1.255
0,1.139,-1.499
0,0.742,-1.674
0,1.352,-1.123
0,1.086,-1.663
0,1.203,-1.57
0,0.735,-1.019
0,0.744,-1.381
0,1.059,-1.538
0,1.152,-1.267
0,1.124,-1.269
0,0.975,-1.13
0,0.777,-1.651
0,0.86,-1.366
0,1.27,-1.582
0,1.421,-1.484
0,1.349,-1.725
0,0.871,-1.397
0,1.064,-1.171
0,0.691,-1.426
0,1.233,-1.624
0,1.153,-1.345
0,0.934,-1.16
0,1.117,-1.825
0,1.229,-1.42
0,1.159,-1.318
0,0.436,-2.009
0,0.823,-1.71
0,1.033,-1.297
0,1.147,-1.496
0,1.138,-1.773
0,1.466,-1.291
0,1.12,-1.257
0,0.862,-1.406
0,0.826,-1.375
0,1.205,-1.653
0,0.836,-1.269
0,0.822,-1.37
0,1.486,-1.087
0,0.785,-1.156
0,0.851,-1.548
0,0.985,-1.455
0,0.823,-1.757
0,1.231,-1.604
0,0.982,-1.748
0,1.134,-1.48
0,1.261,-1.227
0,0.942,-1.507
0,1.016,-1.549
0,0.915,-1.621
0,0.531,-1.516
0,1.072,-1.486
0,1.192,-1.387
0,1.319,-1.541
0,1.011,-1.229
0,1.12,-1.703
0,1.266,-1.481
0,0.917,-1.559
0,0.701,-1.714
0,0.616,-1.47
0,1.118,-1.752
0,0.926,-1.78
0,0.956,-1.319
0,1.393,-1.619
0,0.877,-1.497
0,0.598,-1.454
0,0.711,-1.07
0,0.9,-1.54
0,0.983,-1.477
0,0.854,-1.483
0,0.832,-1.278
0,0.744,-1.602
0,0.977,-1.764
0,0.921,-1.674
0,0.627,-1.659
0,0.801,-1.636
0,1.17,-1.511
0,0.769,-1.439
0,1.05,-1.416
0,1.241,-1.517
0,1.107,-1.199
0,1.214,-1.492
0,0.894,-1.487
0,1.359,-1.645
0,0.826,-1.738
0,0.762,-1.488
0,1.284,-1.431
0,0.74,-1.376
0,0.862,-1.897
0,0.917,-1.893
0,1.018,-1.793
0,0.945,-1.219
0,0.863,-1.484
0,1.186,-1.586
0,1.075,-1.188
0,1.126,-1.432
0,1.227,-1.574
0,1.152,-1.522
0,0.808,-1.677
0,0.983,-1.281
0,1.124,-1.612
0,0.933,-1.478
0,0.868,-1.204
0,1.145,-1.763
0,1.115,-1.471
0,0.642,-1.184
0,0.998,-1.234
0,0.563,-1.557
0,0.666,-1.337
0,0.966,-1.436
0,1.237,-1.245
0,1.121,-1.427
0,0.671,-1.532
0,0.939,-1.696
0,1.311,-1.636
0,1.012,-1.58
0,1.086,-1.475
0,0.884,-1.487
0,1.208,-1.487
0,1.072,-1.381
0,0.939,-1.378
0,1.121,-1.482
0,0.758,-1.423
0,0.807,-1.712
0,0.884,-1.246
0,1.031,-1.439
0,1.174,-1.652
0,1.375,-1.378
0,1.044,-1.204
0,0.935,-1.228
0,0.77,-1.579
0,0.799,-1.362
0,0.972,-1.709
0,1.009,-1.807
0,0.808,-1.464
0,1.051,-1.69
0,0.921,-1.511
0,1.026,-1.499
0,0.999,-1.586
0,0.975,-1.716
0,1.193,-1.528
0,0.93,-1.545
0,1.209,-1.286
0,1.017,-1.69
0,0.656,-1.727
0,1.024,-1.452
0,1.369,-1.596
0,1.369,-1.432
0,0.985,-1.843
0,1.03,-1.576
0,1.243,-1.725
0,1.455,-1.258
0,0.908,-1.682
0,0.914,-1.34
0,0.692,-1.477
0,1.243,-1.614
0,1.36,-1.681
0,1.094,-1.677
0,1.02,-1.441
0,1.282,-1.314
0,0.97,-1.616
0,0.847,-1.566
0,0.978,-1.616
0,0.853,-1.505
0,1.211,-1.611
0,1.101,-1.567
0,1.065,-1.633
0,1.137,-1.713
0,0.976,-1.678
0,1.066,-1.533
0,0.944,-1.185
0,0.728,-1.625
0,0.662,-1.281
0,1.089,-1.248
0,0.882,-1.481
0,0.959,-1.439
0,0.915,-1.746
0,1.321,-1.759
0,1.042,-1.457
0,0.972,-1.67
0,1.088,-1.491
0,1.063,-2.056
0,1.039,-1.592
0,0.875,-1.665
0,1.138,-1.479
0,1.109,-1.382
0,0.872,-1.591
0,1.458,-1.695
0,1.073,-1.658
0,1.336,-1.533
0,0.927,-1.53
0,1.112,-1.222
0,1.367,-1.454
0,1.274,-1.714
0,0.881,-1.193
0,0.677,-1.73
0,1.097,-1.229
0,1.388,-1.675
0,1.295,-1
0,0.875,-1.622
0,0.692,-1.403
0,0.927,-1.309
0,1.38,-1.897
0,0.946,-1.23
0,0.972,-1.585
0,0.987,-1.627
0,1.168,-1.221
0,1.102,-1.74
0,0.857,-1.533
0,1.124,-1.457
0,0.726,-1.542
0,0.75,-1.38
0,0.996,-1.62
0,1.105,-1.813
0,1.007,-1.674
0,0.662,-1.54
0,1.083,-1.822
0,1.022,-1.168
0,1.081,-1.592
0,0.986,-1.313
0,1.129,-1.349
0,0.497,-1.546
0,1.082,-1.641
0,1.081,-1.565
0,0.965,-1.695
0,0.768,-1.571
0,1.341,-1.472
0,1.05,-1.373
0,1.159,-1.678
0,0.998,-1.592
0,1.155,-1.283
0,0.816,-1.548
0,0.993,-0.892
0,0.903,-1.962
0,1.346,-1.613
0,0.911,-1.526
0,0.735,-1.621
0,1.257,-1.511
0,0.885,-1.837
0,1.061,-1.366
0,1.072,-1.581
0,1.121,-1.185
0,1.007,-1.674
0,1.139,-1.846
0,1.242,-1.767
0,1.098,-1.678
0,1.355,-1.703
0,1.178,-1.397
0,1.422,-1.441
0,0.736,-1.907
0,0.731,-1.231
0,0.946,-1.466
0,1.056,-1.011
0,0.567,-1.46
0,0.843,-1.423
0,0.902,-1.512
0,0.913,-1.224
0,1.332,-1.239
0,0.736,-1.538
0,0.71,-1.45
0,0.606,-1.597
0,0.817,-1.245
0,0.842,-1.553
0,0.822,-1.356
0,1.243,-1.157
0,0.879,-1.212
0,1.082,-1.663
0,0.803,-1.355
0,0.985,-1.565
0,0.843,-1.587
0,0.968,-1.556
0,0.914,-1.547
0,0.792,-1.335
0,1.04,-1.735
0,1.071,-1.307
0,0.903,-1.708
0,0.679,-1.654
0,0.693,-1.463
0,0.798,-1.561
0,1.308,-1.403
0,0.922,-1.419
0,0.81,-1.564
0,0.549,-1.378
0,1.123,-1.123
0,1.081,-1.525
0,1.04,-1.462
0,1.051,-1.344
0,0.979,-1.561
0,1.08,-1.894
0,1.483,-1.638
0,1.301,-1.246
0,0.85,-1.604
0,1.107,-1.447
0,1.194,-1.665
0,0.69,-1.718
0,0.962,-1.443
0,1.286,-1.686
0,0.847,-1.489
0,1.101,-1.541
0,0.943,-1.755
0,0.607,-1.626
0,0.963,-1.437
0,0.872,-1.851
0,0.902,-1.579
0,0.977,-1.289
0,1.01,-1.807
0,1.129,-1.812
0,0.956,-1.349
0,0.966,-1.71
0,0.716,-1.393
0,1.105,-1.821
0,1.112,-1.433
0,1.144,-1.514
0,1.055,-1.743
0,1.216,-1.478
0,0.763,-1.289
0,1.015,-1.469
0,1.053,-1.725
0,1.062,-1.52
0,0.94,-1.529
0,0.539,-1.704
0,1.39,-1.437
0,1.065,-1.537
0,1.399,-1.01
0,1.396,-1.809
0,1.619,-1.211
0,0.936,-1.53
0,1.309,-1.448
0,0.967,-1.455
0,1.268,-1.3
0,1.05,-1.37
0,0.73,-1.724
0,1.335,-1.673
0,1.006,-1.49
0,1.15,-1.814
0,1.007,-1.276
0,1.059,-1.472
0,0.856,-1.396
0,1.078,-1.426
0,1.157,-1.739
0,1.063,-1.592
0,1.135,-1.301
0,0.612,-1.107
0,0.747,-1.005
0,1.074,-1.311
0,0.944,-1.489
0,0.881,-1.534
0,1.223,-1.159
0,0.964,-1.256
0,1.11,-1.374
0,0.828,-1.673
0,0.92,-1.478
0,0.893,-1.442
0,1.012,-1.315
0,0.941,-1.436
0,0.813,-1.046
0,1.101,-1.376
0,1.001,-1.526
0,1.128,-1.136
0,0.591,-1.489
0,1.244,-1.663
0,1.333,-1.382
0,0.905,-1.553
0,0.809,-1.426
0,0.926,-1.661
0,0.964,-1.459
0,1.034,-1.656
0,1.023,-1.648
0,0.926,-1.73
0,0.929,-1.028
0,0.962,-1.163
0,1.107,-1.557
0,1.179,-1.457
0,1.283,-1.465
0,0.738,-1.761
0,1.289,-1.76
0,1.013,-1.207
0,0.72,-1.784
0,0.798,-1.32
0,1.167,-1.153
0,0.985,-1.157
0,1.051,-1.318
0,1.245,-1.87
0,0.825,-1.285
0,1.009,-1.44
0,1.18,-1.337
0,0.805,-1.478
0,1.224,-1.251
0,0.924,-1.451
0,0.781,-1.217
0,1.143,-1.41
0,0.867,-1.511
0,0.961,-1.221
0,0.934,-1.267
0,0.887,-1.622
0,0.959,-1.482
0,1.075,-1.42
0,0.675,-1.476
0,1.053,-1.407
0,0.891,-1.791
0,0.932,-1.645
0,0.908,-1.449
0,1.273,-1.542
0,1.023,-1.535
0,0.759,-1.277
0,1.015,-1.313
0,0.926,-1.458
0,0.828,-1.715
0,0.961,-1.12
0,0.939,-1.732
0,0.948,-1.478
0,1.114,-1.864
0,0.898,-1.508
0,0.944,-1.516
0,1.254,-1.475
0,1.108,-1.326
0,0.745,-1.51
0,1.085,-1.473
0,1.042,-1.652
0,0.736,-0.951
0,1.251,-1.443
0,1.204,-1.314
0,1.104,-1.394
0,0.901,-1.562
0,0.814,-1.553
0,1.184,-1.446
0,1.103,-1.502
0,0.851,-1.123
0,0.899,-1.743
0,0.82,-1.47
0,0.853,-1.598
0,0.843,-1.395
0,0.901,-1.437
0,0.766,-1.351
0,1.07,-1.044
0,0.627,-1.285
0,0.955,-1.925
0,1.098,-1.698
0,0.971,-1.316
0,0.381,-1.832
0,1.036,-1.655
0,0.74,-1.437
0,1.256,-1.6
0,0.532,-1.504
0,1.204,-1.336
0,0.712,-1.436
0,1.175,-1.849
0,1.299,-1.879
0,1.238,-1.513
0,0.673,-2.166
0,1.287,-1.503
0,0.94,-1.131
0,1.071,-1.486
0,0.968,-1.367
0,1.066,-1.47
0,1.057,-1.274
0,0.856,-1.254
0,1.039,-1.47
0,0.819,-1.234
0,1.331,-1.256
0,0.909,-1.394
0,1.198,-1.375
0,1.087,-1.537
0,0.953,-1.552
0,0.795,-1.368
0,1.12,-1.703
0,0.825,-1.307
0,0.844,-1.502
0,1.313,-1.595
0,1.085,-2.011
0,0.919,-1.687
0,0.878,-1.342
0,1.025,-1.344
0,0.913,-1.708
0,0.992,-1.314
0,1.163,-1.381
0,0.902,-1.366
0,1.045,-1.47
0,1.447,-1.495
0,1.156,-1.363
0,1.062,-1.229
0,1.264,-1.189
0,0.711,-1.432
0,1.192,-1.678
0,0.686,-1.253
0,0.935,-1.485
0,0.997,-1.508
0,0.809,-1.631
0,1.015,-1.717
0,0.6,-1.765
0,1.149,-1.267
0,1.07,-1.393
0,1.224,-1.629
0,1.052,-1.3
0,0.914,-1.645
0,1.166,-1.452
0,1.028,-1.237
0,1.186,-1.391
0,1.045,-1.663
0,1.127,-1.212
0,1.027,-1.501
0,0.831,-1.49
0,1.019,-1.665
0,1.16,-1.795
0,1.099,-1.261
0,0.886,-1.311
0,0.692,-1.512
0,1.262,-1.491
0,1.347,-1.368
0,0.848,-1.518
0,1.251,-1.556
0,1.371,-1.932
0,0.865,-1.38
0,0.975,-1.836
0,1.021,-1.604
0,1.033,-1.635
0,0.958,-1.578
0,0.78,-1.338
0,1.204,-1.577
0,0.972,-1.208
0,1.008,-1.67
0,0.806,-1.523
0,0.917,-1.094
0,1.146,-1.344
0,1.091,-1.82
0,1.087,-1.428
0,1.354,-1.365
0,1.146,-1.418
0,0.924,-1.662
0,0.848,-1.548
0,1.092,-1.779
0,1.384,-1.708
0,1.059,-1.636
0,0.888,-1.524
0,0.996,-1.672
0,1.211,-1.509
0,1.166,-1.478
0,0.752,-1.548
0,1.089,-1.457
0,0.855,-1.412
0,0.845,-1.526
0,1.204,-1.728
0,0.982,-1.265
0,0.953,-1.599
0,0.67,-1.383
0,0.777,-1.412
0,0.702,-1.373
0,1.068,-1.689
0,0.814,-1.09
0,0.725,-1.193
0,1.566,-1.629
0,0.835,-1.442
0,0.944,-1.538
0,1.312,-1.286
0,1.049,-1.427
0,1.369,-1.48
0,1.138,-1.436
0,1.067,-1.197
0,1.172,-1.593
0,1.022,-1.584
0,0.86,-1.603
0,1.077,-1.056
0,0.979,-1.164
0,1.441,-1.248
0,0.82,-1.526
0,0.946,-1.33
0,0.892,-1.317
0,1.352,-1.626
0,1.007,-1.625
0,0.826,-1.461
0,0.82,-1.481
0,0.974,-1.665
0,1.224,-1.29
0,1.016,-1.767
0,1.36,-1.378
0,0.839,-1.588
0,1.018,-1.174
0,0.729,-1.521
0,1.251,-1.836
0,0.973,-1.497
0,1.177,-1.426
0,1.22,-1.244
0,0.927,-1.319
0,1.03,-1.713
0,0.863,-1.598
0,1.063,-1.238
0,1.034,-1.664
0,1.059,-1.362
0,1.449,-1.674
0,0.92,-1.7
0,1.007,-1.548
0,0.945,-1.696
0,0.797,-1.276
0,1.063,-1.168
0,1.21,-1.254
0,1.108,-1.456
0,1.138,-1.614
0,0.89,-1.327
0,0.905,-1.737
0,0.889,-1.625
0,0.965,-1.359
0,1.198,-1.502
0,0.638,-1.379
0,0.733,-1.528
0,1.033,-1.227
0,0.649,-1.441
0,0.579,-1.528
0,1.294,-1.348
0,0.461,-1.129
0,1.125,-1.28
0,1.114,-1.631
0,1.336,-1.341
0,1.089,-1.303
0,1.07,-1.585
0,1.181,-1.682
0,1.029,-1.647
0,1.17,-1.686
0,1.229,-1.128
0,0.686,-1.575
0,0.948,-1.691
0,1.086,-1.728
0,1.214,-1.774
0,1.188,-1.601
0,1.224,-1.538
0,0.896,-1.531
0,0.854,-1.318
0,1.111,-1.431
0,1.1,-1.508
0,0.933,-1.422
0,0.977,-1.585
0,0.56,-1.712
0,1.219,-1.531
0,0.662,-1.881
0,0.908,-1.218
0,0.69,-1.571
0,1.227,-1.81
0,1.1,-1.604
0,1.324,-1.028
0,1.147,-1.661
0,1.015,-1.481
0,1.056,-1.654
0,1.205,-1.445
0,1.233,-1.508
0,1.032,-1.575
0,0.989,-1.38
0,0.884,-1.696
0,0.886,-1.756
0,0.638,-1.441
0,0.85,-1.581
0,0.792,-1.673
0,0.833,-1.551
0,0.903,-1.663
0,1.086,-1.374
0,1.049,-1.557
0,1.223,-1.891
0,1.401,-1.376
0,0.679,-1.736
0,0.597,-1.211
0,0.793,-1.331
0,0.988,-1.337
0,0.962,-1.694
0,0.994,-1.75
0,1.091,-1.755
0,1.151,-1.358
0,1.275,-1.426
0,1.23,-1.636
0,1.355,-1.022
0,0.655,-1.582
0,0.972,-1.526
0,0.561,-1.603
0,0.844,-1.529
0,0.826,-1.518
0,1.122,-1.481
0,1.294,-1.344
0,0.881,-1.538
0,1.271,-1.536
0,0.575,-1.405
0,0.938,-1.911
0,0.977,-1.956
0,0.733,-1.336
0,1.017,-1.751
0,1.366,-1.715
0,1.198,-1.325
0,0.768,-1.684
0,1.178,-1.649
0,1.007,-1.474
0,0.976,-1.382
0,0.936,-1.287
0,0.806,-1.639
0,0.564,-1.375
0,0.97,-1.684
0,0.938,-1.422
0,1.029,-1.384
0,1.143,-1.563
0,1.121,-1.496
0,1.388,-1.696
0,1.248,-1.238
0,0.88,-1.37
0,1.236,-1.334
0,0.955,-1.634
0,0.653,-1.593
0,0.892,-1.607
0,1.372,-1.398
0,1.175,-1.811
0,0.959,-1.517
0,1.242,-1.452
0,1.029,-1.452
0,1.103,-1.475
0,0.923,-1.464
0,1.482,-1.291
0,0.844,-1.467
0,1.176,-1.118
0,0.956,-1.457
0,1.175,-1.389
0,0.668,-1.301
0,1.007,-1.244
0,1.108,-1.266
0,1.175,-1.212
0,1.079,-1.512
0,1.157,-1.182
0,0.877,-1.533
0,1.111,-1.487
0,0.921,-1.332
0,0.693,-1.619
0,0.945,-1.289
0,1.169,-1.45
0,1.187,-1.309
0,0.676,-1.608
0,0.716,-1.07
0,0.97,-1.653
0,1.121,-1.767
0,0.915,-1.465
0,0.961,-1.721
0,0.77,-1.168
0,0.795,-1.514
0,1.082,-1.47
0,1.034,-1.324
0,0.846,-1.545
0,0.985,-1.961
0,1.133,-1.38
0,1.287,-1.731
0,1.006,-1.467
0,1.112,-1.722
0,0.787,-1.709
0,1.132,-1.491
0,1.07,-1.622
0,1.185,-1.882
0,0.69,-1.51
0,0.957,-1.253
0,0.642,-1.519
0,0.871,-1.595
0,0.83,-1.477
0,1.197,-1.197
0,0.936,-1.761
0,1.184,-1.71
0,0.718,-1.424
0,1.33,-1.585
0,1.016,-1.53
0,1.029,-1.38
0,0.81,-1.386
0,1.268,-1.151
0,0.952,-1.694
0,0.902,-1.828
0,1.091,-1.687
0,0.89,-1.47
0,0.966,-1.643
0,1.18,-1.745
0,1.172,-1.557
0,1.015,-1.762
0,0.996,-1.416
0,1.248,-1.634
0,0.793,-1.32
0,0.885,-1.429
0,1.09,-1.579
0,0.924,-1.745
0,1.094,-1.678
0,1.216,-1.543
0,0.853,-1.4
0,1.445,-1.223
0,1.004,-2.085
0,1.038,-1.544
0,1.38,-1.167
0,1.144,-1.387
0,0.865,-1.729
0,1.074,-1.45
0,1.308,-1.403
0,1.304,-1.532
0,1.038,-1.454
0,1.537,-1.364
0,1.203,-0.988
0,0.745,-1.307
0,0.623,-1.508
0,1.051,-1.186
0,1.206,-1.698
0,0.752,-1.266
0,1.101,-1.744
0,0.963,-1.476
0,1.098,-1.251
0,1.067,-1.141
0,0.885,-1.811
0,0.859,-1.474
0,1.152,-1.612
0,1.048,-1.603
0,0.922,-1.443
0,1.159,-1.508
0,1.193,-1.62
0,1.141,-1.435
0,1.202,-1.178
0,1.309,-1.57
0,0.996,-1.625
0,0.966,-1.343
0,1.061,-1.521
0,1.134,-1.32
0,0.737,-1.954
0,0.965,-1.66
0,0.778,-1.325
0,0.886,-1.513
0,1.089,-1.783
0,0.472,-1.702
0,1.556,-1.525
0,0.882,-1.529
0,1.595,-1.494
0,1.307,-1.698
0,1.051,-1.598
0,0.87,-1.746
0,0.95,-1.369
0,1.053,-1.319
0,0.695,-1.791
0,1.059,-1.376
0,1.331,-1.423
0,0.926,-1.893
0,0.996,-1.463
0,1.323,-1.399
0,1.042,-1.6
0,0.74,-1.385
0,0.983,-1.561
0,1.086,-1.423
0,0.836,-0.684
0,0.903,-1.219
0,1.2,-1.611
0,0.788,-1.439
0,0.984,-1.557
0,0.501,-1.607
0,1.33,-1.437
0,1.05,-1.857
0,1.441,-1.377
0,0.809,-1.646
0,0.919,-1.493
0,0.822,-1.219
0,0.859,-1.394
0,0.782,-1.411
0,1.029,-1.642
0,1.078,-1.599
0,0.94,-1.653
0,0.891,-1.576
0,1.235,-1.223
0,1.153,-2.013
0,0.98,-1.556
0,1.129,-1.79
0,1.139,-1.619
0,1.497,-1.424
0,1.11,-1.458
0,1.248,-1.316
0,1.216,-1.181
0,0.901,-1.606
0,0.83,-1.242
0,1.159,-1.325
0,1.008,-1.37
0,0.644,-1.575
0,0.831,-1.504
0,1.135,-1.335
0,1.021,-1.446
0,0.534,-1.553
0,1.209,-1.8
0,0.848,-1.865
0,1.161,-1.535
0,1.218,-1.259
0,1.189,-1.691
0,0.952,-1.22
0,0.809,-1.688
0,1.009,-1.569
0,0.987,-1.615
0,0.839,-1.201
0,0.783,-1.254
0,1.098,-1.559
0,0.743,-1.418
0,1.02,-1.237
0,1.094,-1.687
0,1.074,-1.654
0,0.962,-1.394
0,0.623,-1.492
0,1.009,-1.44
0,1.344,-1.728
0,1.142,-1.537
0,0.861,-1.369
0,1.218,-1.688
0,1.257,-1.759
0,1.076,-1.651
0,0.752,-1.25
0,1.039,-1.408
0,0.904,-1.697
0,1.05,-1.636
0,0.351,-1.578
0,1.147,-1.247
0,1.394,-1.735
0,0.795,-1.576
0,0.995,-1.931
0,0.555,-1.527
0,0.785,-1.499
0,1.005,-1.368
0,0.836,-1.22
0,1.102,-1.65
0,0.687,-1.552
0,1.307,-1.638
0,1.138,-1.942
0,0.744,-1.54
0,0.746,-1.656
0,0.875,-1.374
0,1.24,-1.153
0,1.133,-1.447
0,1.162,-1.928
0,0.771,-0.927
0,0.622,-1.552
0,1.089,-1.659
0,0.833,-1.549
0,1.292,-1.738
0,1.136,-1.435
0,1.149,-1.051
0,1.05,-1.476
0,1.092,-1.355
0,0.89,-1.735
0,1.003,-1.866
0,0.954,-1.419
0,0.793,-1.623
0,0.931,-1.513
0,0.625,-1.812
0,0.797,-1.456
0,0.936,-1.526
0,1.214,-1.717
0,0.821,-1.158
0,0.976,-1.479
0,1.391,-1.689
0,1.116,-1.952
0,0.918,-1.989
0,1.24,-1.446
0,1.144,-1.739
0,0.861,-1.536
0,0.917,-1.624
0,1.128,-1.171
0,0.951,-1.482
0,0.992,-1.828
0,0.862,-1.247
0,1.324,-1.213
0,0.692,-1.62
0,0.984,-1.556
0,1.47,-1.624
0,1.014,-1.531
0,1.333,-1.06
0,1.052,-1.301
0,0.846,-1.445
0,0.833,-1.509
0,1.015,-1.351
0,1.036,-1.29
0,0.798,-1.647
0,0.909,-1.609
0,0.856,-1.447
0,0.969,-1.622
0,1.407,-1.806
0,0.614,-1.638
0,0.977,-1.271
0,0.807,-1.337
0,0.879,-1.491
0,0.996,-1.173
0,1.375,-1.585
0,0.683,-1.646
0,0.735,-1.463
0,1.309,-1.091
0,0.606,-1.242
0,0.923,-1.231
0,0.975,-1.488
0,1.168,-1.339
0,1.107,-1.587
0,0.872,-1.548
0,0.903,-1.554
0,0.881,-1.685
0,0.96,-1.825
0,0.863,-1.633
0,1.272,-1.525
0,1.195,-1.529
0,1.303,-1.334
0,0.941,-1.452
0,0.861,-1.343
0,0.571,-1.535
0,0.761,-1.554
0,1.205,-1.513
0,0.999,-1.523
0,0.82,-1.168
0,0.943,-1.615
0,0.918,-1.412
0,0.739,-1.59
0,0.976,-1.498
0,0.891,-1.451
0,1.253,-1.859
0,0.885,-1.436
0,0.592,-1.484
0,0.922,-1.764
0,1.03,-1.678
0,0.926,-1.316
0,1.063,-1.329
0,1.041,-1.592
0,0.749,-1.739
0,0.908,-1.535
0,0.751,-0.879
0,1.353,-1.476
0,0.714,-1.563
0,1.05,-1.194
0,1.247,-1.258
0,0.894,-1.589
0,0.931,-1.403
0,0.483,-1.292
0,1.292,-1.837
0,0.839,-1.135
0,0.681,-1.678
0,1.168,-1.865
0,0.8,-1.347
0,0.853,-1.233
0,1.043,-1.434
0,1.087,-1.465
0,1.05,-1.642
0,1.184,-1.301
0,0.898,-1.399
0,0.771,-1.415
0,1.05,-1.413
0,1.191,-1.734
0,0.848,-1.768
0,1.052,-1.294
0,0.704,-1.402
0,0.873,-1.931
0,1.225,-1.699
0,0.951,-2.054
0,1.06,-1.628
0,1.391,-1.295
0,0.999,-1.412
0,1.243,-1.47
0,1.217,-1.534
0,1.043,-1.582
0,0.96,-1.839
0,1.091,-1.228
0,0.739,-1.455
0,0.816,-1.755
0,0.95,-1.466
0,1.045,-1.428
0,1.151,-1.655
0,1.209,-1.555
0,1.044,-1.755
0,1.299,-1.659
0,0.918,-1.557
0,1.211,-1.563
0,0.931,-1.613
0,0.842,-1.131
0,0.965,-0.946
0,1.122,-1.342
0,0.986,-1.615
0,0.968,-1.693
0,0.89,-1.862
0,1.06,-1.581
0,0.659,-1.5
0,0.97,-1.635
0,0.962,-1.426
0,0.973,-1.786
0,1.138,-1.408
0,1.138,-1.385
0,1.35,-1.472
0,0.992,-1.994
0,1.159,-1.35
0,0.872,-1.487
0,1.063,-1.323
0,1.029,-1.253
0,0.856,-1.539
0,0.921,-1.544
0,0.818,-1.368
0,0.68,-1.564
0,0.893,-1.438
0,0.925,-1.755
0,0.765,-1.516
0,1.21,-1.757
0,0.993,-1.758
0,0.837,-1.478
0,0.916,-1.001
0,1.241,-1.713
0,1.031,-1.526
0,1.128,-1.269
0,1.149,-1.699
0,0.918,-1.226
0,1.042,-1.577
0,0.639,-1.818
0,0.872,-1.336
0,1.122,-1.827
0,0.998,-1.241
0,1.078,-1.455
0,1.263,-1.515
0,1.387,-1.74
0,0.853,-1.652
0,1.051,-1.414
0,1.27,-1.245
0,1.001,-1.337
0,0.877,-1.587
0,0.992,-1.391
0,1.105,-1.37
0,0.857,-1.433
0,1.243,-1.412
0,0.864,-1.929
0,1.179,-1.543
0,0.879,-1.639
0,1.463,-1.226
0,0.842,-1.41
0,1.013,-1.538
0,1.047,-1.471
0,0.9,-1.283
0,1.339,-1.466
0,1.077,-1.599
0,0.869,-1.452
0,0.814,-1.672
0,1.016,-1.805
0,0.829,-1.312
0,1.002,-1.142
0,1.332,-1.737
0,1.176,-1.358
0,0.744,-1.262
0,0.836,-1.594
0,0.907,-1.304
0,0.925,-1.334
0,1.141,-1.513
0,0.799,-1.257
0,1.004,-1.317
0,0.897,-1.482
0,1.129,-1.62
0,1.057,-1.442
0,1.067,-1.651
0,1.005,-1.243
0,0.971,-1.364
0,0.932,-1.202
0,1.352,-1.882
0,0.973,-1.532
0,0.907,-1.31
0,0.988,-1.771
0,0.844,-1.751
0,1.314,-1.512
0,1.224,-1.587
0,0.711,-1.412
0,1.038,-1.445
0,1.092,-1.582
0,0.977,-1.705
0,1.494,-1.309
0,0.864,-0.972
0,1.094,-1.73
0,0.994,-1.524
0,0.936,-1.701
0,1.127,-1.806
0,1.14,-1.398
0,1.091,-1.279
0,0.542,-1.639
0,1.406,-1.038
0,1.142,-1.518
0,0.906,-1.467
0,1.148,-1.788
0,0.997,-1.41
0,1.144,-1.574
0,1.238,-1.694
0,0.915,-1.624
0,1.253,-0.986
0,0.865,-1.132
0,1.011,-1.576
0,0.911,-1.711
0,0.795,-1.527
0,1.071,-1.829
0,0.786,-1.348
0,1.071,-1.522
0,1.247,-1.328
0,0.716,-1.326
0,1.158,-1.494
0,0.952,-1.251
0,1.024,-1.692
0,1.085,-1.59
0,1.286,-1.088
0,0.826,-1.758
0,0.645,-1.523
0,0.673,-1.024
0,1.176,-1.76
0,1.159,-1.481
0,0.687,-1.658
0,1.179,-1.787
0,1,-1.403
0,0.94,-1.439
0,0.702,-1.501
0,1.093,-1.36
0,1.177,-1.509
0,0.876,-1.655
0,0.993,-1.486
0,1.208,-1.323
0,1.025,-1.561
0,1.027,-1.49
0,1.236,-1.697
0,1.19,-1.212
0,1.136,-1.292
0,0.809,-1.793
0,0.92,-1.382
0,1.121,-1.725
2,2.105,1.652
2,1.391,1.46
2,1.22,1.986
2,2.175,2.005
2,1.823,2.36
2,0.985,2.805
2,2.496,2.506
2,1.807,1.32
2,1.858,1.794
2,0.681,2.132
2,1.811,2.242
2,1.976,2.46
2,2.092,1.994
2,1.284,1.531
2,2.714,1.807
2,1.788,1.437
2,2.043,1.412
2,1.836,2.665
2,0.702,1.603
2,1.064,2.023
2,2.088,2.168
2,2.084,1.11
2,1.394,1.853
2,2.55,2.195
2,2.032,0.434
2,1.373,1.226
2,2.502,2.671
2,1.932,3.017
2,1.969,1.369
2,2.765,2.588
2,1.169,2.939
2,2.017,3.374
2,1.832,2.454
2,1.549,2.528
2,1.241,2.443
2,2.678,1.323
2,2.392,1.248
2,2.08,1.872
2,1.73,1.351
2,1.35,1.609
2,1.285,2.253
2,2.247,2.425
2,2.635,2.19
2,1.732,2.02
2,2.245,2.774
2,2.058,0.915
2,1.914,1.642
2,2.123,1.589
2,2.216,1.736
2,2.758,2.385
2,2.744,2.046
2,2.52,2.249
2,1.74,1.709
2,1.844,2.004
2,1.907,1.105
2,2.578,2.361
2,1.997,1.653
2,2.79,1.126
2,1.771,2.199
2,2.101,1.167
2,1.501,2.572
2,1.376,1.502
2,2.397,1.514
2,2.495,1.615
2,1.375,1.089
2,1.709,2.149
2,1.543,1.384
2,1.715,2.412
2,1.182,1.871
2,1.136,3.156
2,1.743,1.642
2,2.335,1.18
2,1.865,3.158
2,1.708,1.513
2,1.501,2.111
2,2.185,2.25
2,3.323,0.725
2,2.299,2.617
2,1.957,2.893
2,1.619,1.287
2,2.659,1.428
2,2.254,3.022
2,1.597,1.218
2,1.457,2.777
2,2.626,2.324
2,2.55,2.011
2,1.542,2.325
2,2.243,2.294
2,1.996,2.007
2,1.068,2.093
2,1.961,2.849
2,1.613,2.004
2,2.419,1.566
2,2.63,2.009
2,1.831,2.81
2,2.009,2.106
2,2.663,2.242
2,1.674,2.666
2,1.053,1.654
2,2.665,1.893
2,1.843,2.366
2,2.115,1.333
2,2.318,1.386
2,1.914,2.305
2,1.617,0.983
2,1.74,1.791
2,2.225,1.12
2,2.266,2.492
2,0.736,2.141
2,1.091,2.291
2,2.406,2.637
2,2.113,1.008
2,2.462,2.463
2,1.737,1.648
2,2.168,1.59
2,2.022,1.916
2,2.728,0.916
2,2.25,1.949
2,2.13,2.061
2,1.517,2.387
2,2.621,1.968
2,2.015,1.914
2,1.624,1.633
2,1.923,1.886
2,2.704,1.616
2,2.228,2.971
2,2.559,2.377
2,1.7,2.364
2,2.17,1.636
2,1.988,1.763
2,2.331,1.663
2,2.094,1.437
2,2.041,1.923
2,2.739,2.502
2,2.315,1.828
2,2.281,1.713
2,1.262,2.064
2,2.691,3.092
2,1.949,1.825
2,2.477,1.261
2,1.413,2.958
2,2.063,1.185
2,2.517,1.479
2,1.904,2.362
2,2.798,2.163
2,2.576,1.527
2,2.637,2.031
2,1.921,2.804
2,1.209,2.838
2,1.614,0.95
2,1.899,1.683
2,2.521,1.645
2,2.493,1.841
2,1.672,1.471
2,1.907,1.36
2,1.589,2.485
2,2.259,1.818
2,1.842,1.782
2,1.123,1.52
2,2.313,2.174
2,1.568,1.96
2,2.74,1.464
2,2.388,1.042
2,1.422,1.984
2,0.985,3.079
2,2.378,2.881
2,1.939,1.913
2,1.415,2.973
2,2.919,1.269
2,1.263,1.524
2,1.703,2.929
2,2.165,2.289
2,2.362,1.836
2,3.008,2.021
2,1.776,2.082
2,2.508,2.72
2,1.667,1.692
2,2.436,2.051
2,2.026,2.379
2,2.503,2.045
2,2.944,1.708
2,2.099,1.554
2,2.057,2.515
2,1.511,1.564
2,2.006,2.048
2,2.023,1.384
2,1.966,1.641
2,1.291,2.126
2,1.314,1.604
2,2.229,1.646
2,1.703,2.621
2,2.249,1.915
2,2.652,2.503
2,1.275,1.667
2,2.09,2.618
2,2.506,2.573
2,1.808,1.897
2,1.991,1.353
2,2.057,1.996
2,1.885,1.987
2,2.136,1.631
2,2.144,1.896
2,1.545,2.148
2,1.772,2.871
2,1.86,2.163
2,1.486,1.768
2,2.696,2.409
2,2.474,2.226
2,1.035,0.924
2,1.613,2.483
2,1.86,2.629
2,2.185,2.888
2,2.165,2.257
2,1.269,2.762
2,1.691,0.892
2,2.08,1.895
2,1.684,1.701
2,1.392,1.87
2,1.464,2.818
2,2.771,1.89
2,2.09,2.003
2,2.821,1.985
2,2.616,1.92
2,2.539,2.139
2,2.548,2.24
2,2.023,2.418
2,1.689,1.204
2,2.272,1.955
2,2.089,2.076
2,2.153,1.742
2,2.775,1.518
2,1.719,2.76
2,1.694,1.76
2,1.065,2.235
2,2.97,2.194
2,2.037,2.168
2,2.334,2.309
2,2.342,2.707
2,2.105,2.354
2,2.514,2.477
2,2.327,2.121
2,0.831,1.799
2,1.983,2.536
2,1.337,2.593
2,2.138,1.678
2,1.888,1.317
2,2.044,2.75
2,2.201,1.653
2,2.453,1.671
2,2.259,1.46
2,1.8,2.454
2,1.908,1.882
2,2.578,2.019
2,2.001,2.046
2,1.846,0.993
2,3.348,1.814
2,1.609,2.596
2,1.352,2.15
2,2.502,1.745
2,2.314,2.075
2,1.665,2.271
2,2.206,2.205
2,2.171,1.578
2,3.119,1.939
2,2.107,2.171
2,2.607,1.679
2,2.249,1.53
2,1.908,2.304
2,3.118,1.973
2,2.245,1.627
2,1.897,2.037
2,2.061,1.927
2,0.995,2.607
2,1.982,3.12
2,2.168,1.703
2,2.453,2.022
2,1.868,2.339
2,2.361,1.224
2,2.194,2.573
2,1.864,1.74
2,1.7,2.145
2,2.252,2.037
2,2.092,2.224
2,1.969,1.837
2,2.129,1.218
2,2.204,2.49
2,2.582,2.344
2,2.308,1.659
2,2.653,2.258
2,2.109,2.706
2,2.497,3.692
2,1.769,1.336
2,1.889,1.807
2,3.018,1.537
2,1.459,1.931
2,1.716,1.392
2,2.773,2.052
2,1.721,2.317
2,2.559,2.03
2,1.341,2.153
2,1.796,1.291
2,2.212,2.817
2,1.745,2.37
2,2.255,1.701
2,1.355,1.629
2,1.076,1.178
2,1.68,1.776
2,2.686,0.993
2,1.463,2.18
2,2.06,2.153
2,1.538,2.86
2,1.587,1.922
2,1.794,1.718
2,1.856,1.333
2,2.009,1.786
2,2.115,0.87
2,1.995,2.248
2,2.48,2.002
2,2.197,1.837
2,2.211,2.464
2,1.419,2.21
2,2.474,2.796
2,3.079,1.895
2,2.303,1.906
2,2.427,2.15
2,1.672,1.878
2,0.939,1.667
2,1.779,2.188
2,1.337,2.076
2,1.722,2.125
2,2.312,1.748
2,1.923,2.806
2,1.762,2.124
2,2.432,2.002
2,1.998,1.934
2,1.871,1.746
2,2.145,1.184
2,2.352,2.484
2,2.529,2.448
2,2.37,2.172
2,1.286,2.666
2,1.338,2.161
2,2.412,1.116
2,2.033,1.077
2,1.709,2.438
2,1.82,1.226
2,1.349,1.405
2,2.751,1.757
2,2.699,1.335
2,1.338,2.066
2,2.265,1.878
2,1.903,1.944
2,1.819,2.33
2,1.739,1.683
2,1.964,1.938
2,1.696,3.082
2,2.066,2.107
2,2.383,2.257
2,1.685,1.904
2,2.004,2.657
2,1.361,2.683
2,1.593,1.468
2,2.013,2.025
2,1.923,1.719
2,1.534,1.413
2,1.457,1.557
2,1.854,1.313
2,1.98,1.862
2,1.831,1.726
2,2.078,1.892
2,2.013,3.497
2,2.433,2.269
2,2.229,1.653
2,2.779,0.814
2,1.625,2.004
2,2.257,1.438
2,2.937,2.003
2,1.867,1.468
2,2.279,1.901
2,2.512,1.87
2,2.055,3.056
2,2.397,2.555
2,1.506,2.63
2,2.854,2.224
2,2.342,2.191
2,2.132,2.031
2,1.334,1.842
2,1.939,1.728
2,2.503,1.783
2,2.425,2.518
2,1.573,1.92
2,2.182,1.837
2,2.146,1.781
2,2.15,1.032
2,3.053,2.104
2,2.432,2.195
2,1.991,1.773
2,1.28,2.266
2,1.523,2.05
2,2.534,1.941
2,1.905,1.686
2,2.073,1.567
2,1.821,1.963
2,1.384,2.287
2,1.253,1.628
2,1.622,1.451
2,1.496,2.68
2,1.332,3.048
2,2.97,1.572
2,2.193,1.823
2,1.556,1.912
2,2.24,2.333
2,2.63,3.064
2,2.119,2.139
2,1.289,1.685
2,2.59,2.909
2,2.711,2.688
2,2.049,1.142
2,2.227,1.102
2,2.138,1.793
2,1.855,1.374
2,2.276,2.153
2,2.118,2.77
2,1.974,1.698
2,1.729,2.089
2,1.696,2.514
2,2.314,1.432
2,2.01,0.831
2,1.623,2.355
2,2.651,1.27
2,1.931,2.69
2,1.444,1.282
2,2.222,2.362
2,1.788,1.278
2,2.922,1.421
2,2.657,2.085
2,0.957,2.929
2,1.75,2.556
2,1.392,2.671
2,1.741,2.708
2,1.749,2.453
2,1.519,1.857
2,2.306,1.115
2,1.958,2.197
2,1.675,2.863
2,2.035,1.421
2,1.819,2.089
2,2.151,2.095
2,2.179,2.888
2,2.824,2.24
2,2.13,2.575
2,3.082,1.942
2,1.833,1.924
2,2.627,2.115
2,2.065,1.792
2,2.069,2.533
2,3.126,2.87
2,1.783,1.925
2,1.963,2.234
2,2.449,2.445
2,2.09,1.88
2,1.858,1.562
2,1.467,0.954
2,1.236,1.786
2,1.634,1.882
2,2.021,1.725
2,3.086,2.382
2,1.83,1.521
2,1.937,1.965
2,1.773,1.607
2,1.685,2.013
2,1.818,3.264
2,2.384,3.284
2,1.32,2.285
2,2.191,1.098
2,2.288,2.147
2,1.822,2.998
2,2.437,3.088
2,1.612,3.03
2,1.355,3.144
2,1.728,2.058
2,2.607,1.853
2,2.17,1.909
2,1.659,2.055
2,2.422,0.829
2,1.852,2.032
2,1.599,1.999
2,1.905,1.327
2,2.869,1.736
2,2.399,2.25
2,2.446,1.623
2,2.375,2.336
2,1.444,2.005
2,2.289,1.864
2,2.194,1.784
2,2.204,1.451
2,1.879,1.956
2,1.853,1.124
2,2.267,1.544
2,2.25,2.41
2,2.409,2.832
2,2.552,2.254
2,1.091,1.795
2,2.15,2.265
2,2.925,2.075
2,2.694,1.41
2,1.346,2.38
2,1.913,1.496
2,2.358,2.437
2,2.043,1.654
2,3.121,1.359
2,1.325,1.523
2,1.369,1.905
2,2.117,1.469
2,3.137,1.86
2,1.869,2.296
2,1.858,2.301
2,2.191,1.523
2,1.859,1.408
2,2.736,2.487
2,1.473,1.058
2,1.49,1.807
2,1.725,2.03
2,1.486,2.573
2,1.55,1.812
2,1.321,2.857
2,2.195,2.369
2,2.962,1.64
2,2.691,0.99
2,0.716,1.878
2,1.92,1.711
2,1.759,2.215
2,2.287,2.174
2,2.35,2.105
2,2.753,1.684
2,2.289,2.437
2,1.872,2.24
2,1.988,2.997
2,1.812,2.392
2,0.989,2.224
2,2.754,2.139
2,1.555,2.807
2,1.53,2.544
2,1.718,1.386
2,1.39,2.309
2,1.676,1.302
2,2.251,1.808
2,2.304,1.598
2,1.777,2.075
2,1.54,2.38
2,2,2.51
2,2.08,2.594
2,0.862,2.118
2,1.664,2.137
2,1.738,2.055
2,1.993,2.666
2,1.929,2.136
2,2.331,2.164
2,1.207,2.824
2,1.923,1.588
2,2.577,1.33
2,2.046,1.419
2,2.36,2.267
2,2.471,1.267
2,2.474,1.271
2,1.907,1.605
2,1.723,2.453
2,2.16,2.471
2,1.527,2.334
2,1.674,1.161
2,1.44,1.513
2,2.524,2.344
2,2.6,1.774
2,2.041,1.42
2,2.351,2.115
2,1.349,1.761
2,1.334,1.773
2,2.055,2.171
2,1.799,2.088
2,2.409,1.549
2,1.653,2.678
2,1.789,1.036
2,1.955,1.826
2,2.642,3.246
2,1.455,2.209
2,2.359,2.206
2,2.218,1.966
2,2.23,2.717
2,1.893,1.833
2,1.952,1.585
2,1.7,2.25
2,2.155,1.9
2,1.953,1.668
2,1.299,2.173
2,2.04,1.531
2,1.592,0.862
2,2.477,2.634
2,1.928,1.512
2,2.284,1.407
2,1.741,2.061
2,1.983,2.653
2,2.137,1.748
2,3.155,2.372
2,2.634,2.626
2,1.634,2.747
2,2.472,2.53
2,2.423,2.874
2,1.528,2.749
2,1.994,2.427
2,1.545,1.64
2,1.94,2.148
2,2.261,1.38
2,2.002,2.432
2,1.845,1.722
2,1.804,1.8
2,2.253,2.35
2,2.096,2.16
2,1.567,1.923
2,2.381,2.591
2,1.707,1.571
2,1.204,2.083
2,2.63,1.111
2,3.353,1.883
2,2.241,2.182
2,2.332,1.771
2,1.63,2.235
2,1.981,2.189
2,0.954,1.282
2,1.894,2.403
2,1.543,2.421
2,1.956,0.938
2,1.845,2.504
2,2.048,0.963
2,2.702,1.534
2,2.014,1.345
2,1.616,1.555
2,2.23,1.849
2,2.071,1.541
2,2.104,2.373
2,2.427,1.156
2,2.378,2.032
2,1.78,2.524
2,1.478,2.075
2,1.938,1.532
2,2.013,1.95
2,2.241,1.239
2,0.976,0.826
2,2.105,1.621
2,0.79,1.844
2,1.183,1.592
2,2.309,2.005
2,2.589,1.628
2,2.36,1.901
2,1.609,2.491
2,1.704,1.819
2,2.218,1.745
2,2.486,2.45
2,2.39,1.822
2,1.56,1.355
2,1.897,0.904
2,2.013,2.483
2,2.178,2.127
2,2.101,1.892
2,2.222,1.293
2,2.075,1.276
2,2.303,3.207
2,2.852,1.572
2,2.059,1.406
2,2.245,1.387
2,1.931,1.569
2,2.136,2.005
2,1.895,2.421
2,1.282,1.409
2,1.061,1.509
2,1.492,2.668
2,2.379,2.587
2,2.211,1.159
2,2.491,1.444
2,2.482,2.275
2,1.705,3.01
2,1.711,1.59
2,1.371,2.318
2,0.928,1.969
2,2.677,2.51
2,2.177,1.603
2,2.567,2.044
2,1.862,1.575
2,1.547,1.977
2,1.069,1.284
2,1.142,1.718
2,2.071,1.478
2,2.729,1.871
2,1.656,2.773
2,1.695,2.478
2,2.307,2.273
2,2.937,2.171
2,1.85,1.742
2,2.037,2.192
2,2.651,1.009
2,1.712,3.165
2,1.786,1.667
2,2.217,1.138
2,2.602,1.984
2,2.038,2.644
2,1.97,2.261
2,2.48,1.581
2,2.25,2.778
2,1.848,2.716
2,1.779,1.456
2,2.92,2.872
2,2.072,2.173
2,2.753,2.541
2,1.094,1.891
2,2.131,1.438
2,1.887,2.141
2,2.053,1.647
2,1.139,2.152
2,2.77,2.365
2,1.187,2.329
2,1.777,1.893
2,2.144,2.248
2,2.036,1.867
2,2.338,1.471
2,3.053,2.037
2,2.645,2.038
2,1.904,2.71
2,2.299,1.883
2,1.773,1.586
2,1.409,2.27
2,1.489,1.984
2,1.799,2.332
2,2.392,2.574
2,1.816,1.966
2,1.649,1.845
2,2.794,1.921
2,1.694,2.52
2,1.296,1.133
2,2.013,2.73
2,1.951,2.265
2,1.974,1.648
2,1.506,2.218
2,1.878,1.736
2,1.816,1.736
2,1.202,0.83
2,2.322,1.784
2,1.317,2.85
2,1.314,1.987
2,2.216,2.15
2,1.838,2.168
2,1.918,2.781
2,1.23,2.385
2,1.093,2.756
2,2.999,1.582
2,1.562,1.21
2,2.306,2.173
2,2.38,1.676
2,2.417,2.757
2,1.749,1.657
2,2.007,1.588
2,2.106,2.213
2,3.122,2.012
2,1.867,2.819
2,1.678,3.151
2,1.75,1.53
2,2.217,1.841
2,1.685,2.285
2,1.347,1.731
2,1.43,2.489
2,3.033,2.041
2,3.624,1.874
2,2.062,1.755
2,1.657,1.892
2,1.953,1.471
2,1.332,2.135
2,1.714,2.012
2,2.864,1.428
2,1.543,2.448
2,1.993,1.397
2,1.151,1.858
2,2.546,2.564
2,1.721,1.308
2,2.189,2.137
2,1.803,1.515
2,2.618,2.083
2,1.697,1.598
2,2.662,2.898
2,2.555,3.59
2,2.546,1.26
2,1.855,1.663
2,1.701,2.518
2,1.815,1.981
2,2.305,1.78
2,1.745,2.183
2,2.672,1.42
2,2.653,1.829
2,3.229,1.978
2,1.824,1.555
2,1.54,2.745
2,1.975,2.169
2,2.43,1.795
2,1.863,1.951
2,1.82,2.931
2,2.125,1.334
2,2.766,2.367
2,1.773,2.123
2,2.067,1.565
2,2.716,2.455
2,2.36,1.865
2,2.367,1.936
2,2.341,1.392
2,1.811,1.115
2,1.845,2.937
2,1.082,2.245
2,2.387,1.914
2,2.662,1.956
2,1.564,2.005
2,1.641,1.637
2,1.403,2.036
2,2.199,2.089
2,2.346,2.056
2,2.709,1.846
2,1.412,2.169
2,1.512,2.005
2,1.72,1.532
2,1.558,1.294
2,2.091,2.304
2,2.017,1.866
2,1.513,2.278
2,2.277,2.31
2,1.718,2.336
2,1.451,1.475
2,1.258,2.466
2,2.503,2.656
2,2.139,2.079
2,1.58,1.415
2,2.192,2.178
2,2.355,1.995
2,2.021,2.111
2,1.668,2.35
2,2.476,2.173
2,1.972,1.26
2,1.931,1.607
2,2.669,1.08
2,1.721,2.79
2,2.805,1.336
2,2.203,1.667
2,1.762,1.995
2,1.603,1.723
2,1.549,1.784
2,2.361,2.325
2,1.06,1.575
2,1.739,2.26
2,2.296,2.021
2,2.402,2.305
2,1.907,1.045
2,2.518,1.801
2,1.934,2.949
2,2.156,1.716
2,1.154,1.949
2,1.052,2.307
2,3.097,2.024
2,1.866,2.597
2,1.043,2.632
2,1.679,1.22
2,1.369,1.946
2,2.156,1.948
2,2.8,2.25
2,1.505,1.369
2,1.791,2.538
2,2.288,1.422
2,2.048,1.92
2,2.417,2.448
2,0.638,2.248
2,1.568,2.242
2,1.406,1.38
2,2.524,2.349
2,1.898,1.996
2,1.365,1.576
2,1.044,1.212
2,2.411,1.946
2,2.249,2.544
2,2.223,1.345
2,1.884,1.432
2,1.688,2.056
2,1.329,1.216
2,2.281,1.543
2,1.689,1.94
2,2.371,2.327
2,2.054,1.584
2,2.544,1.003
2,2.422,1.737
2,2.211,2.096
2,1.866,2.121
2,2.047,0.937
2,2.299,1.997
2,3.314,2.548
2,1.785,2.175
2,1.944,2.071
2,2.208,2.444
2,1.443,1.04
2,2.065,1.654
2,2.298,1.399
2,2.055,1.994
2,2.219,1.089
2,1.887,2.261
2,1.487,2.393
2,2.369,1.538
2,1.884,2.896
2,2.415,2.78
2,2.354,1.598
2,1.979,1.991
2,1.605,1.802
2,1.541,2.104
2,2.194,2.072
2,1.616,1.336
2,2.651,2.254
2,1.835,1.797
2,1.646,2.424
2,3.619,2.405
2,2.269,1.763
2,2.868,1.467
2,2.274,2.121
2,2.328,1.603
2,1.772,1.423
2,3.344,1.446
2,2.248,2.741
2,1.408,2.162
2,2.215,1.633
2,1.561,2.218
2,1.247,2.308
2,2.07,2.116
2,1.905,2.767
2,1.701,1.794
2,2.527,2.495
2,2.398,2.053
2,2.397,1.561
2,0.669,2.538
2,2.739,2.337
2,1.381,2.735
2,2.31,2.039
2,1.8,2.542
2,1.618,2.72
2,2.4,2.317
2,2.412,2.556
2,2.026,2.578
2,2.671,2.108
2,2.068,1.774
2,1.757,2.36
2,2.182,3.036
2,1.685,2.037
2,3.16,1.84
2,2.426,1.844
2,1.35,2.076
2,1.96,2.459
2,2.143,1.694
2,1.664,2.114
2,2.418,1.959
2,2.152,2.053
2,2.407,1.979
2,2.457,1.213
2,1.793,1.481
2,1.78,2.863
2,2.488,2.428
2,1.988,2.594
2,1.97,1.893
2,2.822,0.874
2,2.062,2.044
2,1.982,2.074
2,1.918,2.373
2,1.804,1.417
2,2.126,2.366
2,1.203,1.615
2,2.052,1.273
2,0.777,1.861
2,1.967,2.11
2,2.324,1.743
2,2.056,2.302
2,3.324,2.218
2,1.712,1.821
2,1.323,2.506
2,1.681,2.079
2,2.742,1.945
2,2.554,1.509
2,2.536,0.756
2,2.484,2.293
2,1.466,2.588
2,1.478,1.703
2,2.55,2.002
2,1.382,2.511
2,2.864,1.551
2,1.354,1.69
2,2.309,2.854
2,2.624,1.345
2,1.813,2.689
2,1.987,1.521
2,1.148,2.167
2,1.415,1.567
2,1.867,1.701
2,2.148,1.936
2,1.687,1.499
2,2.63,1.788
2,1.688,1.826
2,1.174,2.166
2,1.248,2.023
2,1.409,1.626
2,1.637,2.193
2,2.381,1.924
2,1.357,2.626
2,1.824,2.013
2,1.33,2.82
2,2.726,2.221
2,2.056,2.67
2,1.41,2.116
2,1.436,2.349
2,2.034,2.343
2,1.767,2.286
2,2.843,1.895
2,2.101,2.796
2,1.693,1.916
2,2.345,1.235
2,1.896,2.912
2,2.161,2.594
2,1.543,2.043
2,2.037,1.991
2,1.84,2.085
2,2.556,2.122
2,2.3,1.873
2,2.335,2.473
2,3.062,2.242
2,1.617,1.735
2,2.344,1.656
2,2.035,2.266
2,1.862,2.227
2,2.985,1.537
2,1.735,1.714
2,2.256,2.325
2,2.235,1.494
2,2.172,2.135
2,1.394,1.437
2,2.733,1.67
2,1.971,2.87
2,1.174,2.62
2,1.754,1.985
2,0.893,1.114
2,2.394,2.153
2,2.267,2.231
2,2.383,2.421
2,2.076,1.304
2,2.818,1.578
2,2.309,1.635
2,1.478,2.431
2,2.474,1.823
2,2.042,1.65
2,2.094,2.52
2,2.192,1.67
2,1.15,1.434
2,2.38,2.109
2,2.197,1.446
2,2.273,2.241
2,3.074,1.547
2,1.5,2.294
2,1.962,1.869
2,1.949,1.886
2,1.499,1.461
2,1.305,1.915
2,2.765,2.086
2,2.182,2.879
2,1.5,1.493
2,1.688,1.873
2,2.398,1.701
2,1.422,2.327
2,1.087,2.37
2,2.591,2.931
2,2.459,1.604
2,1.288,1.562
2,2.162,2.443
2,1.084,2.222
2,1.069,1.303
2,2.374,1.611
2,2.329,1.559
2,1.758,1.612
2,1.95,2.075
2,2.528,2.278
2,2.333,2.002
2,2.166,2.076
2,2.931,2.461
2,1.907,2.07
2,1.785,1.552
2,1.863,1.871
2,1.248,1.846
2,1.798,2.802
2,2.178,1.467
2,2.944,2.074
2,1.898,2.184
2,1.424,2.435
2,1.652,1.854
2,2.702,1.754
2,1.064,1.379
2,2.389,1.523
2,1.556,1.374
2,1.751,2.123
2,1.855,2.125
2,2.759,2.523
2,2.614,3.3
2,2.415,2.3
2,1.883,1.809
2,1.1,2.181
2,2.556,2.057
2,2.21,1.955
2,1.788,2.181
2,2.634,1.7
2,2.278,2.03
2,1.875,2.275
2,1.317,2.244
2,2.36,2.232
2,1.545,1.965
2,1.249,1.504
2,1.426,2.274
2,2.155,2.541
2,2.731,2.081
2,2.478,2.822
2,1.32,2.302
2,1.065,1.231
2,2.09,1.454
2,1.968,1.587
2,1.501,1.834
2,1.932,1.222
2,1.425,1.873
2,1.763,1.704
2,2.523,2.408
2,2.531,2.134
2,2.307,1.772
2,1.927,1.437
2,2.061,1.613
2,2.301,2.014
2,2.688,2.543
2,1.793,2.177
2,2.009,1.611
2,2.753,2.184
2,2.109,2.381
2,2.063,1.868
2,0.827,2.289
2,2.066,1.789
2,2.214,2.075
2,0.631,1.662
2,2.431,2.191
2,2.805,1.707
2,2.463,1.907
2,2.325,1.666
2,1.371,1.851
2,2.138,1.687
2,1.816,2.256
2,2.413,1.389
2,2.401,2.177
2,1.725,1.755
2,2.741,2.239
2,1.575,1.461
2,2.855,2.207
2,1.814,1.482
2,1.636,2.368
2,1.54,2.216
2,2.335,1.196
2,2.173,2.32
2,1.73,1.825
2,1.931,1.919
2,1.883,1.967
2,1.715,2.066
2,2.344,1.535
2,0.849,2.43
2,1.802,1.774
2,2.475,2.13
2,2.667,1.515
2,1.67,1.652
2,2.311,2.602
2,1.462,2.482
2,1.55,2.056
2,2.056,1.154
2,2.481,1.66
2,2.01,1.989
2,1.792,1.472
2,1.434,0.965
2,1.269,2.707
2,1.385,1.946
2,2.593,2.631
2,1.376,2.228
2,1.333,2.012
2,1.593,2.546
2,1.959,2.29
2,1.564,2.175
2,1.21,1.473
2,2.118,1.988
2,2.408,2.09
2,2.689,2.486
2,1.633,1.562
2,2.154,1.012
2,1.554,2.403
2,1.583,2.552
2,1.51,2.643
2,1.372,1.336
2,2.248,1.86
2,0.842,1.964
2,2.16,2.267
2,1.83,2.539
2,0.64,2.417
2,2.115,2.19
2,2.845,1.649
2,1.315,2.357
2,1.931,1.7
2,1.831,1.88
2,1.615,1.739
2,2.391,1.494
2,1.852,2.718
2,1.712,1.853
2,1.89,1.956
2,2.066,1.139
2,2.385,2.304
2,2.775,1.639
2,2.212,1.397
2,2.158,2.851
2,2.776,1.961
2,1.484,1.785
2,1.739,2.984
2,1.656,1.818
2,2.07,2.046
2,1.481,1.607
2,2.069,1.456
2,1.537,1.724
2,2.142,1.976
2,1.125,2.313
2,1.863,1.753
2,2.019,2.219
2,2.453,1.703
2,2.686,2.373
2,2.794,1.601
2,1.479,2.477
2,1.495,2.304
2,3.098,1.862
2,2.76,1.061
2,2.489,2.113
2,2.477,1.074
2,2.265,2.582
2,2.197,1.57
2,1.982,1.172
2,2.788,1.761
2,2.048,1.608
2,1.719,1.616
2,1.973,1.339
2,1.779,1.738
2,2.776,2.652
2,2.091,2.735
2,2.22,2.114
2,2.284,2.295
2,1.714,1.967
2,1.52,2.013
2,2.648,0.852
2,1.698,2.077
2,1.413,2.034
2,1.874,1.069
2,1.794,2.214
2,2.899,1.394
2,1.401,2.084
2,1.873,2.856
2,1.47,2.046
2,1.252,2.454
2,2.216,2.18
2,2.307,2.884
2,1.503,2.632
2,2.453,1.682
2,1.923,2.54
2,2.228,3.019
2,1.094,3.071
2,2.441,2.19
2,2.286,1.888
2,1.974,2.432
2,0.975,1.329
2,1.34,1.957
2,1.196,2.592
2,1.966,1.655
2,1.539,1.457
2,2.762,1.77
2,2.54,1.24
2,2.765,2.109
2,2.148,1.833
2,1.258,1.804
2,0.914,2.458
2,3.623,2.474
2,1.564,1.829
2,1.985,2.031
2,2.072,3.054
2,1.063,2.939
2,1.635,2.6
2,1.858,2.412
2,2.041,2.582
2,1.615,2.282
2,2.358,1.321
2,1.474,2.157
2,1.654,2.603
2,2.572,2.014
2,2.467,1.52
2,2.154,2.498
2,2.055,1.014
2,2.08,2.093
2,1.571,2.535
2,1.594,2.428
2,1.975,2.425
2,1.784,1.704
2,2.773,1.866
2,1.707,2.054
2,1.395,2.036
2,1.564,1.86
2,1.793,2.229
2,1.695,1.676
2,1.923,2.123
2,1.891,1.792
2,2.321,2.198
2,1.482,1.229
2,1.639,2.161
2,2.242,1.962
2,2.578,2.101
2,2.329,2.939
2,2.155,1.561
2,1.918,1.751
2,1.299,3.268
2,1.842,2.202
2,2.169,2.525
2,2.328,1.844
2,2.186,1.991
2,2.352,1.615
2,1.662,1.915
2,2.03,1.912
2,2.716,1.805
2,1.471,2.084
2,1.734,1.615
2,2.123,2.721
2,2.197,1.763
2,1.79,2.322
2,2.288,2.263
2,2.024,1.766
2,1.657,1.894
2,1.779,2.57
2,1.861,2.256
2,2.64,1.683
2,1.523,1.998
2,2.249,2.325
2,2.114,2.294
2,1.754,2.603
2,1.414,1.559
2,2.101,2.808
2,1.613,1.872
2,1.163,1.024
2,2.464,1.849
2,1.498,1.301
2,1.675,2.153
2,1.886,2.272
2,2.007,1.586
2,2.926,1.31
2,2.632,1.935
2,1.401,1.866
2,1.921,2.181
2,2.385,1.329
2,2.412,1.714
2,2.021,0.988
2,2.55,1.998
2,2.661,2.128
2,1.988,2.358
2,2.822,2.451
2,1.481,2.126
2,2.177,2.037
2,3.017,1.941
2,2.62,1.068
2,2.274,1.91
2,2.094,2.804
2,2.503,1.073
2,2.189,1.695
2,1.3,2.051
2,1.511,1.584
2,2.49,1.943
2,2.661,1.433
2,2.15,2.96
2,1.641,2.378
2,2.051,1.779
2,1.986,1.341
2,1.89,1.921
2,1.933,1.763
2,2.386,1.9
2,1.297,2.761
2,1.43,2.266
2,1.629,1.37
2,1.641,0.817
2,2.701,1.714
2,2.751,1.694
2,1.47,2.496
2,2.342,1.672
2,2.237,2.872
2,2.034,1.834
2,0.613,2.353
2,2.66,1.664
2,2.467,2.525
2,2.046,1.366
2,1.279,1.326
2,2.172,2.33
2,2.316,2.355
2,2.149,1.905
2,1.603,2.046
2,2.061,2.294
2,1.447,2.007
2,1.73,1.32
2,1.539,2.007
2,1.982,2.397
2,2.09,2.196
2,2.61,2.09
2,1.854,1.825
2,3.119,2.391
2,2.92,1.579
2,2.195,1.745
2,1.013,1.938
2,1.918,2.061
2,2.301,1.34
2,1.572,2.147
2,2.935,2.083
2,1.22,1.985
2,2.25,1.597
2,2.493,1.957
2,1.523,0.243
2,1.57,0.895
2,2.538,2.69
2,3.214,1.464
2,1.406,2.523
2,2.647,1.845
2,2.917,1.6
2,1.623,2.246
2,1.956,2.709
2,1.486,2.178
2,1.926,2.507
2,2.691,2.008
2,2.121,1.039
2,2.446,1.785
2,1.288,2.182
2,1.384,2.059
2,1.814,2.819
2,1.646,1.564
2,1.743,2.103
2,2.447,1.424
2,2.565,1.588
2,2.167,2.536
2,1.423,1.716
2,2.862,1.372
2,1.887,1.698
2,2.172,1.495
2,1.76,2.337
2,1.814,2.09
2,2.42,2.384
2,1.438,2.123
2,2.412,2.317
2,1.904,2.065
2,2.417,2.143
2,1.859,1.686
2,1.874,1.26
2,1.543,2.022
2,1.512,1.577
2,0.856,2.193
2,1.542,1.841
2,2.376,0.912
2,2.996,2.109
2,3.023,2.027
2,2.695,2.378
2,1.151,2.012
2,2.209,1.617
2,1.572,1.917
2,2.799,1.574
2,1.767,2.056
2,1.995,2.371
2,1.732,2.257
2,2.205,1.27
2,1.739,2.309
2,1.512,2.532
2,2.336,1.89
2,1.614,2.702
2,1.696,2.02
2,1.719,2.088
2,2.207,1.788
2,2.057,2.351
2,2.606,1.318
2,2.28,2.64
2,2.148,1.407
2,2.252,1.948
2,1.724,2.539
2,1.093,2.277
2,2.161,1.247
2,1.353,2.547
2,2.27,2.3
2,2.116,1.852
2,2.054,1.426
2,2.068,2.175
2,1.846,1.048
2,2.202,2.036
2,1.419,1.566
2,1.836,1.461
2,1.344,2.678
2,2.448,2.832
2,1.892,2.692
2,1.531,2.414
2,1.716,1.104
2,2.009,0.923
2,1.584,2.435
2,2.607,1.256
2,2.244,1.781
2,2.016,2.058
2,2.173,2.282
2,2.208,1.369
2,2.507,1.791
2,2.138,2.486
2,2.151,1.795
2,1.967,1.838
2,2.307,2.136
2,2.192,1.703
2,1.757,1.055
2,1.796,2.112
2,2.074,2.139
2,0.969,2.354
2,2.175,2.222
2,0.956,1.955
2,1.711,1.907
2,1.405,1.685
2,2.025,2.277
2,1.007,2.05
2,1.236,2.537
2,1.469,1.634
2,2.448,2.366
2,1.872,2.06
2,2.623,2.001
2,1.256,2.472
2,2.765,0.5
2,0.693,1.641
2,1.794,1.995
2,2.017,2.902
2,2.147,2.006
2,3.043,1.984
2,2.167,2.423
2,0.955,1.968
2,2.676,3.026
2,1.679,2.036
2,2.292,1.812
2,1.904,1.747
2,2.142,2.536
2,1.063,2.516
2,1.704,2.831
2,2.595,2.329
2,1.48,1.637
2,1.699,1.559
2,2.025,2.038
2,2.084,2.107
2,2.293,2.264
2,1.94,2.124
2,2.011,1.394
2,1.932,2.389
2,1.83,2.081
2,1.845,2.724
2,2.532,2.367
2,1.659,2.219
2,1.855,1.415
2,1.48,2.17
2,1.924,1.282
2,1.387,2.277
2,1.85,1.96
2,2.551,2.121
2,2.033,1.574
2,1.915,1.508
2,1.669,1.957
2,2.123,1.385
2,1.88,1.548
2,1.937,2.244
2,2.445,1.989
2,1.801,1.41
2,2.223,2.956
2,2.502,2.748
2,2.368,1.422
2,2.971,1.934
2,2.069,2.455
2,2.475,1.439
2,2.202,1.038
2,2.022,1.701
2,1.945,1.908
2,1.964,2.968
2,2.116,0.766
2,1.733,2.399
2,2.984,1.825
2,1.54,2.155
2,2.205,2.39
2,2.25,1.771
2,2.67,2.335
2,2.212,1.454
2,2.578,2.455
2,2.334,2.449
2,1.638,2.407
2,1.314,2.698
2,1.895,0.975
2,2.049,1.933
2,1.491,1.352
2,2.581,2.474
2,2.344,1.535
2,2.277,2.606
2,1.949,2.081
2,1.216,1.551
2,2.342,2.494
2,1.936,1.509
2,2.242,2.149
2,2.096,2.32
2,1.976,2.172
2,1.596,1.401
2,1.353,0.695
2,1.669,2.705
2,2.444,1.828
2,2.833,2.887
2,1.351,3.165
2,1.156,2.594
2,2.393,1.455
2,2.163,1.05
2,1.72,1.828
2,1.787,1.285
2,1.199,2.152
2,1.991,2.004
2,1.563,0.911
2,2.159,2.145
2,2.15,1.775
2,1.167,2.385
2,1.604,1.74
2,2.145,0.978
2,2.51,2.545
2,2.208,1.133
2,1.687,1.937
2,1.852,1.535
2,2.041,1.736
2,0.725,1.407
2,1.864,2.507
2,2.006,2.658
2,1.783,1.923
2,2.245,2.637
2,1.79,1.822
2,2.559,2.236
2,1.459,2.209
2,0.822,1.741
2,2.079,1.914
2,1.757,1.997
2,1.895,2.548
2,2.237,1.948
2,0.979,3.362
2,2.838,2.741
2,2.198,1.395
2,1.256,1.288
2,1.606,1.486
2,1.867,2.547
2,2.895,1.08
2,2.905,1.602
2,2.355,1.645
2,1.945,2.045
2,2.673,2.207
2,2.3,1.359
2,1.508,2.106
2,2.432,2.176
2,2.366,1.391
2,1.4,2.091
2,2.24,2.091
2,2.188,1.42
2,2.398,0.971
2,2.736,2.454
2,2.317,2.174
2,1.895,2.22
2,2.538,2.873
2,2.472,1.787
2,1.911,2.006
2,2.474,0.435
2,2.599,1.433
2,1.802,2.318
2,1.795,2.834
2,1.858,1.281
2,1.547,1.873
2,1.745,2.513
2,2.003,1.562
2,2.533,2.519
2,1.657,2.862
2,2.061,2.3
2,2.262,1.512
2,1.535,2.233
2,2.143,1.461
2,1.379,2
2,1.695,1.513
2,2.181,1.275
2,2.719,1.512
2,2.318,1.929
2,2.185,1.899
2,1.754,2.498
2,2.005,1.439
2,2.646,1.973
2,1.298,2.447
2,1.921,2.315
2,3.21,1.638
2,1.688,1.649
2,2.073,2.732
2,2.307,2.583
2,2.838,1.866
2,1.829,1.525
2,1.612,2.055
2,2.028,0.705
2,2.58,1.424
2,2.046,1.498
2,2.655,2.576
2,2.163,1.674
2,1.838,2.519
2,2.184,2.235
2,2.142,1.415
2,2.16,2.021
2,1.597,2.016
2,2.257,2.169
2,2.454,1.339
2,1.884,2.466
2,1.86,1.504
2,1.487,1.271
2,1.929,1.942
2,1.846,2.802
2,1.738,1.256
2,2.272,2.517
2,2.462,1.735
2,2.948,2.284
2,1.871,1.933
2,1.381,1.728
2,2.035,2.434
2,2.176,2.035
2,1.771,1.522
2,1.162,1.694
2,1.739,2.414
2,1.827,1.788
2,3.127,1.957
2,1.71,1.939
2,1.578,1.749
2,1.711,1.729
2,2.108,1.792
2,2.138,1.804
2,1.773,1.714
2,1.933,2.207
2,1.844,2.108
2,1.439,2.254
2,1.594,1.866
2,2.858,1.658
2,1.596,1.557
2,1.967,1.959
2,2.02,2.483
2,2.666,1.861
2,2.065,2.456
2,2.22,1.953
2,2.118,2.516
2,2.737,1.99
2,2.511,1.748
2,1.669,1.774
2,1.609,1.649
2,1.574,1.814
2,1.778,1.973
2,1.784,1.946
2,1.989,2.969
2,2.402,2.169
2,2.481,1.953
2,1.927,2.275
2,2.136,1.797
2,1.203,1.92
2,2.572,2.038
2,2.249,1.366
2,1.596,1.881
2,1.476,2.057
2,1.857,1.155
2,2.347,2.011
2,1.305,1.514
2,3.042,2.477
2,1.8,1.344
2,1.554,0.693
2,2.779,1.944
2,2.236,1.893
2,2.268,0.978
2,3.154,1.724
2,1.847,2.254
2,2.342,2.288
2,1.575,2.879
2,1.831,2.256
2,1.999,2.181
2,2.543,2.26
2,2.894,1.587
2,2.092,2.451
2,2.492,1.315
2,2.172,1.962
2,2.195,2.811
2,2.966,0.807
2,3,1.61
2,2.135,2.294
2,1.14,1.954
2,2.206,2.293
2,1.974,1.844
2,2.216,1.009
2,1.701,2.293
2,1.51,1.599
2,1.63,1.673
2,0.97,1.952
2,2.436,2.597
2,2.323,1.415
2,1.805,2.375
2,2.088,2.102
2,1.459,2.452
2,1.988,1.559
2,1.33,2.666
2,2.418,2.257
2,2.193,2.151
2,2.168,2.596
2,1.128,1.14
2,2.026,1.907
2,1.756,2.057
2,2.168,1.225
2,2.716,2.016
2,1.614,2.367
2,1.738,1.877
2,1.977,2.105
2,2.153,1.371
2,2.987,1.587
2,3.156,2.428
2,1.742,1.093
2,1.343,1.929
2,1.428,1.216
2,2.41,2.576
2,2.011,1.966
2,1.641,2.576
2,2.091,2.496
2,1.095,2.622
2,2.546,1.923
2,1.907,1.67
2,1.917,2.607
2,1.234,1.342
2,1.469,1.447
2,2.606,0.684
2,1.388,2.279
2,1.937,2.32
2,2.528,2.359
2,2.794,2.026
2,3.095,1.743
2,1.843,2.247
2,1.747,1.561
2,1.563,1.252
2,2.183,1.618
2,0.846,2.068
2,3.185,2.752
2,1.486,2.082
2,1.648,1.452
2,2.117,2.326
2,2.349,1.499
2,1.531,1.76
2,1.891,1.869
2,2.123,1.47
2,2.036,2.725
2,1.649,1.578
2,2.53,1.978
2,1.483,2.114
2,1.964,2.882
2,2.011,0.956
2,2.105,1.889
2,2.279,1.639
2,2.618,1.775
2,2.664,3.074
2,2.047,1.785
2,2.134,2.047
2,2.302,1.961
2,1.471,2.575
2,1.824,2.128
2,1.31,1.991
2,2.269,2.452
2,1.512,1.855
2,1.826,2.667
2,2.055,3.149
2,1.564,2.221
2,3.042,2.405
2,2.445,2.522
2,2.1,2.433
2,1.894,1.779
2,1.893,2.295
2,2.705,2.642
2,1.564,1.826
2,2.44,1.802
2,2.433,1.458
2,2.091,1.367
2,2.847,2.571
2,2.306,0.66
2,1.584,2.513
2,2.09,1.988
2,1.859,2.659
2,2.771,1.803
2,1.631,2.215
2,2.08,1.856
2,2.68,2.791
2,1.328,1.726
2,1.904,1.755
2,1.283,2.192
2,2.017,2.074
2,2.508,1.876
2,2.024,2.144
2,2.392,2.396
2,1.735,1.58
2,1.563,1.786
2,2.891,2.5
2,1.938,2.083
2,1.688,2.54
2,1.92,2.698
2,2.738,2.023
2,1.704,1.199
2,1.427,1.937
2,2.271,2.432
2,0.654,1.303
2,1.974,1.501
2,1.454,2.859
2,2.002,2.252
2,0.915,1.148
2,2.028,2.059
2,1.623,2.632
2,1.938,1.576
2,3.124,2.082
2,2.086,2.123
2,2.301,2.819
2,1.955,1.285
2,2.353,2.039
2,2.029,1.498
2,1.859,1.617
2,1.673,1.447
2,2.727,1.883
2,1.63,0.415
2,1.628,2.493
2,2.135,1.739
2,1.928,1.936
2,1.56,1.254
2,2.743,1.757
2,1.953,1.939
2,2.256,2.581
2,2.06,2.799
2,1.884,2.541
2,1.64,1.963
2,1.704,1.117
2,1.511,2.133
2,1.623,2.074
2,2.304,2.436
2,1.725,2.342
2,3.216,2.295
2,2.654,1.409
2,2.794,1.373
2,1.188,2.606
2,2.28,1.748
2,2.371,2.31
2,2.046,2.884
2,1.815,2.638
2,1.982,2.718
2,2.609,3.044
2,1.901,1.804
2,1.395,2.176
2,1.53,2.672
2,2.559,2.345
2,2.396,2.719
2,1.98,1.384
2,1.861,1.456
2,2.384,2.383
2,1.924,1.663
2,2.157,1.461
2,2.053,2.412
2,2.141,1.397
2,1.986,1.761
2,1.638,1.054
2,2.664,2.165
2,2.907,2.043
2,2.434,2.158
2,2.439,1.799
2,1.392,2.529
2,2.405,1.266
2,1.961,1.719
2,0.935,2.085
2,1.43,2.653
2,1.75,2.809
2,2.188,2.553
2,2.803,2.237
2,1.401,1.227
2,1.608,1.86
2,2.233,1.869
2,2.183,1.353
2,1.819,1.424
2,1.893,1.399
2,2.549,2.727
2,2.678,1.414
2,1.456,2.276
2,1.851,1.821
2,1.518,1.627
2,1.76,2.284
2,1.602,2.885
2,1.136,1.396
2,2.399,1.884
2,1.276,2.316
2,1.925,2.017
2,2.029,1.295
2,2.876,2.734
2,1.683,1.801
2,2.146,1.689
2,1.399,2.186
2,1.392,1.539
2,2.196,2.297
2,2.72,2.381
2,2.188,1.389
2,2.294,2.119
2,2.19,2.924
2,1.817,2.284
2,1.954,2.67
2,1.882,1.93
2,1.826,1.508
2,2.719,1.866
2,2.437,2.02
2,1.585,2.471
2,2.368,1.871
2,1.684,2.594
2,1.668,2.062
2,1.932,1.883
2,3.48,2.181
2,2.034,1.688
2,2.201,2.134
2,1.203,3
2,1.706,1.774
2,2.062,1.496
2,2.553,2.442
2,1.068,2.289
2,2.662,2.672
2,1.142,1.641
2,2.187,2.19
2,1.55,1.032
2,1.647,1.748
2,2.133,1.6
2,1.546,2.203
2,1.337,2.807
2,2.1,1.859
2,1.996,2.084
2,1.482,2.7
2,2.484,1.856
2,1.592,1.244
2,1.332,1.395
2,1.48,2.264
2,3.119,2.801
2,1.817,2.517
2,2.584,2.292
2,1.061,2.525
2,2.019,1.734
2,2.747,1.33
2,1.631,2.309
2,2.134,1.676
2,2.21,2.218
2,1.814,1.996
2,2.655,1.826
2,1.633,2.666
2,2.328,1.418
2,1.531,1.624
2,1.97,1.722
2,1.55,2.094
2,1.833,1.715
2,1.71,1.415
2,2.377,1.723
2,1.829,1.236
2,2.085,2.486
2,1.602,2.384
2,2.257,0.796
2,1.511,1.884
2,2.563,2.672
2,1.939,2.214
2,2.024,1.674
2,1.566,2.355
2,2.486,2.223
2,2.796,1.091
2,2.04,1.595
2,1.819,2.112
2,2.067,1.764
2,2.136,1.567
2,2.534,1.909
2,1.671,2.085
2,2.091,1.789
2,1.434,1.827
2,2.767,1.756
2,2.577,1.967
2,1.911,2.215
2,2.684,2.252
2,1.659,2.071
2,2.177,2.156
2,2.469,2.377
2,2.037,2.344
2,2.558,1.182
2,1.349,2.293
2,2.108,2.013
2,2.086,2.525
2,2.483,0.842
2,1.751,1.473
2,2.765,1.644
2,1.663,1.511
2,1.998,1.357
2,2.003,2.192
2,2.566,2.154
2,1.988,1.487
2,2.192,2.112
2,0.914,1.794
2,2.714,1.824
2,2.293,1.169
2,2.298,1.412
2,2.279,1.429
2,2.927,2.761
2,1.864,1.519
2,2.247,1.317
2,1.991,2.086
2,1.769,1.585
2,2.241,1.266
2,1.903,1.946
2,2.219,2.462
2,1.843,1.552
2,1.881,2.265
2,2.416,0.865
2,2.815,3.062
2,2.13,1.599
2,1.607,1.426
2,1.517,2.418
2,1.714,1.744
2,1.686,1.646
2,2.824,1.798
2,1.984,1.119
2,1.574,1.789
2,2.439,0.969
2,1.127,1.984
2,1.877,2.813
2,2.057,1.308
2,1.888,2.131
2,1.975,2.985
2,2.037,2.11
2,2.283,1.269
2,2.399,1.598
2,1.986,1.533
2,2.68,2.356
2,2.163,1.894
2,2.318,2.409
2,2.558,2.743
2,2.075,2.378
2,2.508,2.327
2,2.249,1.539
2,2.357,2.543
2,1.918,1.561
2,1.978,1.454
2,1.618,1.289
2,2.649,2.357
2,2.234,1.517
2,2.322,2.01
2,3.003,2.259
2,1.938,1.323
2,1.401,2.185
2,2.792,1.804
2,1.397,1.726
2,1.919,2.117
2,1.626,2.904
2,2.981,2.416
2,1.934,1.765
2,1.793,2.724
2,3.053,1.971
2,1.337,3.026
2,1.917,2.156
2,2.886,3.061
2,2.935,2.138
2,2.619,2.204
2,2.673,3.196
2,2.508,2.111
2,1.14,2.434
2,1.572,2.544
2,2.609,2.163
2,2.177,2.726
2,1.761,0.852
2,1.978,2.536
2,2.272,2.093
2,2.904,2.605
2,2.542,2.062
2,2.246,1.471
2,2.232,1.166
2,2.258,2.169
2,1.602,2.324
2,1.608,2.05
2,1.403,2.257
2,2.372,2.068
2,1.685,2.065
2,1.422,1.252
2,1.852,2.643
2,1.621,2.078
2,1.665,1.779
2,2.904,1.618
2,2.264,1.311
2,1.452,1.72
2,3.138,1.752
2,2.148,1.444
2,2.056,1.081
2,2.261,2.545
2,2.396,1.888
2,1.867,1.578
2,2.215,1.688
2,1.972,1.549
2,1.47,2.676
2,1.962,2.529
2,1.936,2.73
2,2.192,2.049
2,2.154,1.736
2,2.95,1.876
2,1.734,1.736
2,1.53,1.842
2,1.351,1.353
2,2.079,2.136
2,2.054,1.723
2,3.038,2.303
2,2.548,0.914
2,2.275,2.311
2,3.491,1.294
2,2.249,2.694
2,2.87,1.963
2,2.312,1.625
2,1.818,1.789
2,2.194,1.896
2,2.206,2.409
2,2.617,1.837
2,1.695,2.476
2,2.233,1.035
2,1.843,1.76
2,1.656,1.939
2,2.221,2.387
2,1.719,1.467
2,0.7,2.606
2,2.12,2.741
2,2.984,2.095
2,2.358,2.437
2,1.629,1.81
2,1.755,1.672
2,1.528,2.412
2,1.371,2.32
2,2.756,1.788
2,2.098,1.64
2,1.99,1.992
2,0.964,1.486
2,2.474,2.237
2,1.711,2.374
2,1.368,2.481
2,2.03,1.593
2,1.567,2.757
2,2.404,2.272
2,1.878,2.323
2,1.389,1.981
2,2.192,2.842
2,1.823,2.021
2,1.876,1.866
2,2.895,1.845
2,1.998,2.392
2,2.717,1.478
2,1.638,1.994
2,1.795,1.742
2,2.823,2.628
2,1.129,3.129
2,2.012,1.932
2,1.538,3.189
2,1.235,1.83
2,1.99,1.545
2,1.834,2.082
2,2.599,1.977
2,1.495,2.274
2,1.82,1.652
2,2.343,2.124
2,1.763,2.584
2,1.599,1.338
2,1.777,1.865
2,3.156,1.851
2,1.758,1.933
2,2.155,1.621
2,1.906,2.666
2,1.855,1.799
2,2.584,2.082
2,1.312,2.508
2,2.141,1.529
2,1.659,2.815
2,2.36,2.167
2,1.974,1.791
2,2.558,2.502
2,1.62,2.403
2,2.269,2.514
2,1.559,2.438
2,3.136,2.041
2,1.886,1.551
2,2.312,1.153
2,2.284,2.195
2,1.137,1.507
2,1.938,2.514
2,1.717,2.044
2,1.803,2.307
2,2.946,1.444
2,1.628,1.708
2,2.378,1.416
2,1.855,2.99
2,2.553,1.777
2,1.372,1.824
2,2.052,2.011
2,2.117,2.474
2,2.299,2.127
2,2.318,1.692
2,1.67,2.327
2,2.201,1.153
2,1.784,1.652
2,2.456,1.96
2,2.13,1.934
2,1.65,2.266
2,2.72,1.371
2,1.96,1.53
2,1.061,2.004
2,1.503,2.362
2,1.03,1.914
2,2.613,1.583
2,2.93,1.207
2,2.011,2.2
2,2.247,2.026
2,2.449,0.93
2,1.867,2.374
2,1.558,2.054
2,1.252,2.749
2,2.523,2.939
2,1.972,2.574
2,2.293,2.295
2,1.634,1.46
2,2.725,1.538
2,1.887,2.362
2,2.098,1.851
2,1.378,2.731
2,2.878,1.982
2,2.184,1.386
2,2.099,2.01
2,1.39,2.156
2,2.306,2.14
2,2.328,1.63
2,2.141,2.469
2,1.949,2.641
2,1.739,1.445
2,2.15,1.821
2,2.752,1.786
2,1.644,1.793
2,2.375,2.466
2,1.257,1.204
2,1.358,1.788
2,1.264,2.35
2,1.917,2.525
2,1.581,2.367
2,0.595,1.3
2,1.546,2.085
2,1.973,1.527
2,2.331,2.237
2,1.872,1.782
2,1.873,1.308
2,1.445,1.442
2,2.017,2.982
2,1.487,1.831
2,1.856,2.731
2,2.381,1.798
2,2.28,1.521
2,1.796,2.076
2,1.252,2.435
2,1.924,1.759
2,2.242,1.7
2,2.31,2.08
2,2.74,1.285
2,2.588,2.351
2,1.918,2.065
2,1.298,2.282
2,2.462,2.539
2,2.27,1.514
2,0.995,2.234
2,1.822,1.771
2,0.907,2.213
2,1.738,2.694
2,1.788,2.251
2,0.794,2.016
2,2.381,2.086
2,2.86,1.464
2,1.655,1.974
2,1.795,2.129
2,2.409,1.134
2,1.935,2.205
2,1.367,2.047
2,1.268,1.825
2,2.285,1.013
2,0.97,1.495
2,1.836,2.2
2,2.036,2.684
2,2.173,2.195
2,1.946,1.604
2,1.541,1.851
2,2.47,1.828
2,2.756,2.112
2,2.109,2.184
2,1.274,2.084
2,2.558,1.619
2,1.234,2.356
2,1.667,1.982
2,1.78,1.604
2,1.5,1.404
2,1.346,2.045
2,2.276,3.116
2,2.265,2.105
2,2.216,1.892
2,2.704,2.382
2,2.482,2.438
2,1.985,2.107
2,1.936,1.375
2,2.519,1.749
2,1.499,1.274
2,2.772,2.363
2,1.658,2.381
2,1.969,1.281
2,2.778,2.54
2,2.031,1.788
2,2.519,2.137
2,2.752,2.434
2,2.139,2.19
2,2.018,1.313
2,1.615,1.887
2,1.923,2.069
2,2.107,1.607
2,1.132,2.158
2,1.917,2.371
2,2.234,1.732
2,2.33,1.57
2,2.012,2.368
2,1.979,1.802
2,1.899,2.223
2,1.93,1.641
2,1.726,1.242
2,2.326,2.321
2,2.361,1.455
2,1.406,1.423
2,1.65,2.663
2,2.56,1.733
2,2.116,3.344
2,2.099,0.736
2,2.21,1.799
2,1.436,1.887
2,1.453,1.708
2,2.09,2.074
2,1.538,2.114
2,2.834,2.007
2,1.732,1.459
2,2.704,2.176
2,2.578,2.244
2,2.172,3.145
2,1.113,1.354
2,1.759,2.581
2,2.179,1.618
2,1.903,2.409
2,2.713,2.43
2,2.424,1.626
2,2.591,2.142
2,2.439,2.035
2,1.596,2.139
2,2.185,1.711
2,1.558,1.505
2,2.26,1.066
2,1.734,2.398
2,1.988,2.269
2,2.78,1.927
2,2.216,2.079
2,1.904,2.318
2,3.31,1.341
2,2.043,1.767
2,2.21,1.494
2,2.052,1.81
2,2.521,2.249
2,2.138,2.432
2,1.868,2.716
2,0.88,1.362
2,1.691,2.801
2,1.423,3.102
2,1.812,1.469
2,0.958,1.838
2,2.076,2.751
2,2.459,2.214
2,2.566,2.14
2,2.58,2.467
2,2.002,2.403
2,1.446,2.005
2,2.485,1.919
2,1.504,2.038
2,1.674,2.73
2,2.737,2.947
2,1.916,2.211
2,1.43,1.459
2,2.327,2.064
2,1.292,2.83
2,2.276,2.128
2,2.334,3.159
2,1.255,1.674
2,1.68,2.261
2,2.874,2.115
2,0.753,2.583
2,1.101,2.342
2,2.98,1.423
2,1.575,1.404
2,1.599,3.059
2,2.127,1.933
2,1.375,2.343
2,2.029,2.087
2,2.527,2.273
2,2.787,2.166
2,1.989,1.118
2,1.112,2.15
2,2.039,0.796
2,2.142,1.043
2,1.325,1.943
2,1.72,2.737
2,2.685,2.405
2,2.802,2.056
2,1.493,1.97
2,2.514,2.423
2,1.763,2.803
2,1.982,1.731
2,2.421,2.43
2,2.263,1.141
2,1.846,1.683
2,1.713,2.599
2,2.387,1.25
2,1.399,2.068
2,2.115,1.747
2,1.833,2.016
2,2.438,2.368
2,2.222,1.91
2,2.489,1.898
2,2.332,0.937
2,2.029,1.89
2,1.519,2.277
2,1.848,2.562
2,2.168,1.111
2,2.07,1.873
2,1.074,2.992
2,1.68,1.649
2,1.58,1.194
2,2.864,3.083
2,2.453,2.097
2,1.711,2.276
2,1.512,1.426
2,1.745,1.725
2,1.731,2.959
2,2.429,1.317
2,2.238,1.626
2,1.511,1.514
2,1.699,2.646
2,1.692,2.57
2,1.031,1.134
2,1.996,2.011
2,1.607,2.18
2,3.134,2.808
2,2.563,2.027
2,2.078,2.19
2,2.227,1.733
2,1.249,1.601
2,1.764,1.344
2,2.263,2.778
2,2.193,2.096
2,1.372,2.144
2,1.188,2.458
2,2.355,2.202
2,1.146,2.245
2,2.392,2.142
2,1.691,2.269
2,2,2.196
2,2.402,2.254
2,2.192,2.702
2,2.081,1.175
2,1.691,0.937
2,1.684,2.427
2,1.995,1.398
2,2.027,2.101
2,1.657,2.572
2,1.953,1.545
2,2.261,2.3
2,1.9,2.162
2,2.078,1.832
2,1.907,2.107
2,2.757,1.853
2,1.854,1.761
2,2.292,2.609
2,2.433,2.472
2,1.722,2.59
2,1.695,1.88
2,1.093,2.025
2,2.13,1.08
2,2.075,2.407
2,1.758,2.139
2,2.369,2.505
2,1.755,1.569
2,0.317,1.47
2,3.449,2.298
2,1.965,2.141
2,2.125,2.255
2,2.437,2.175
2,2.556,2.091
2,2.768,1.447
2,1.126,1.931
2,1.908,1.721
2,1.777,1.786
2,2.221,2.084
2,1.328,2.041
2,2.478,1.908
2,2.264,1.866
2,2.474,2.396
2,2.287,2.335
2,2.144,1.708
2,1.538,1.625
2,2.703,1.285
2,1.958,1.305
2,2.122,2.274
2,2.629,2.186
2,1.494,1.52
2,2.339,1.094
2,1.728,1.898
2,2.937,1.979
2,2.104,1.475
2,1.589,2.382
2,2.163,2.232
2,2.065,1.715
2,1.839,2.018
2,1.9,2.516
2,2.336,2.419
2,2.463,1.909
2,2.648,2.047
2,1.554,2.693
2,2.441,1.782
2,0.732,1.428
2,2.253,1.905
2,1.858,3.039
2,1.448,2.152
2,1.467,1.736
2,2.185,1.998
2,2.092,1.445
2,2.378,2.473
2,2.667,1.611
2,2.568,1.866
2,1.981,1.56
2,2.479,1.455
2,2.531,2.608
2,2.043,2.478
2,1.496,1.55
2,2.611,1.959
2,1.967,2.523
2,2.406,1.162
2,1.293,1.132
2,1.338,2.311
2,1.115,1.889
2,1.439,2.757
2,1.774,1.375
2,1.766,1.682
2,2.353,2.352
2,2.313,3.337
2,1.285,1.122
2,2.57,1.757
2,2.152,1.676
2,2.556,1.619
2,2.317,2.24
2,2.451,1.708
2,1.814,1.667
2,1.426,1.997
2,2.769,1.907
2,1.6,2.535
2,1.878,2.232
2,1.997,2.379
2,2.023,1.638
2,0.863,1.469
2,0.958,2.311
2,2.402,2.328
2,1.521,1.514
2,2.765,1.691
2,2.326,2.788
2,2.423,2.274
2,3.153,1.946
2,2.051,1.544
2,2.202,1.532
2,1.219,2.873
2,2.257,2.091
2,1.932,2.182
2,1.732,1.218
2,1.99,1.493
2,1.899,1.613
2,2.573,3.086
2,2.402,2.351
2,2.401,1.469
2,1.898,1.883
2,1.743,1.724
2,2.125,2.258
2,2.274,1.97
2,2.114,2
2,2.982,2.368
2,1.976,1.127
2,2.423,1.507
2,1.639,1.423
2,2.633,2.253
2,1.531,1.419
2,2.324,2.257
2,1.915,1.935
2,1.937,2.389
2,1.879,1.245
2,1.624,2.592
2,1.101,1.395
2,2.319,1.898
2,2.6,2.034
2,1.988,1.646
2,1.732,1.521
2,2.269,0.969
2,1.962,1.725
2,2.378,1.956
2,2.064,1.102
2,1.542,2.64
2,1.739,1.184
2,2.306,2.106
2,1.518,1.697
2,2.679,1.113
2,2.522,2.655
2,1.421,2.605
2,2.562,1.848
2,1.858,2.284
2,2.565,2.313
2,2.124,1.575
2,1.734,1.523
2,1.564,1.082
2,1.216,2.162
2,3.078,2.063
2,2.375,2.475
2,1.864,1.544
2,1.678,2.336
2,1.571,1.684
2,2.179,1.987
2,1.832,2.407
2,2.358,1.742
2,1.334,2.372
2,2.443,1.177
2,2.397,1.974
2,2.694,1.562
2,1.488,2.787
2,3.115,2.228
2,1.522,2.376
2,1.646,1.318
2,1.958,2.381
2,1.715,1.372
2,1.612,1.746
2,2.101,1.88
2,1.036,2.635
2,1.966,2.337
2,1.517,2.392
2,1.713,1.395
2,1.298,2.551
2,1.55,1.689
2,1.8,2.469
2,2.522,1.703
2,2.163,0.976
2,2.636,2.231
2,1.813,2.36
2,1.382,1.521
2,1.716,1.831
2,2.368,1.836
2,1.415,2.261
2,1.59,1.837
2,1.968,1.908
2,1.64,3.021
2,1.865,2.178
2,2.656,1.367
2,2.288,1.897
2,2.107,2.65
2,1.277,2.171
2,2.091,2.727
2,1.879,1.783
2,1.898,1.829
2,1.765,2.096
2,1.816,1.723
2,1.684,2.083
2,1.552,2.269
2,2.441,2.213
2,1.544,1.97
2,1.349,1.348
2,1.653,1.077
2,2.231,1.864
2,1.618,2.635
2,3.117,2.095
2,2.154,2.731
2,1.652,2.707
2,1.756,2.557
2,2.378,1.987
2,2.255,1.922
2,2.03,1.864
2,2.174,1.591
2,2.529,2.201
2,1.818,2.026
2,2.271,2.657
2,2.735,1.359
2,1.531,2.578
2,2.014,1.575
2,1.653,2.98
2,1.659,2.524
2,2.587,1.7
2,1.586,2.739
2,1.673,2.468
2,2.331,1.769
2,1.769,2.029
2,2.122,1.899
2,2.264,1.436
2,1.528,1.677
2,1.894,2.822
2,2.161,2.139
2,1.952,1.147
2,1.256,3.358
2,1.776,2.202
2,2.719,2.158
2,2.209,1.636
2,1.525,2.189
2,1.752,2.088
2,2.762,2.924
2,2.754,1.62
2,1.915,1.923
2,1.361,1.997
2,3.319,2.138
2,3.056,1.561
2,1.321,2.198
2,1.543,1.874
2,2.401,1.818
2,2.637,1.741
2,2.199,2.143
2,2.363,1.848
2,2.36,1.449
2,1.899,1.937
2,2.209,2.018
2,1.856,1.929
2,1.938,2.401
2,3.011,2.338
2,1.71,2.859
2,2.058,1.818
2,1.648,2.174
2,0.734,2.411
2,2.227,1.883
2,2.754,1.524
2,2.351,2.089
2,1.337,1.937
2,1.853,2.681
2,1.979,1.587
2,1.879,2.144
2,2.204,1.455
2,2.154,2.021
2,2.102,1.613
2,1.402,2.068
2,2.887,2.496
2,2.519,1.864
2,2.083,1.584
2,2.278,1.964
2,2.296,2.094
2,1.361,2.415
2,1.796,1.903
2,1.678,1.672
2,1.931,1.848
2,1.455,1.594
2,2.675,2.055
2,2.996,2.856
2,2.242,1.969
2,1.589,1.513
2,1.11,1.89
2,1.96,1.79
2,2.171,2.02
2,1.75,2.537
2,1.299,2.579
2,1.109,2.723
2,2.036,1.535
2,2.388,1.274
2,2.323,2.138
2,1.896,1.92
2,1.835,1.701
2,1.479,1.717
2,2.545,2.252
2,1.678,2.367
2,2.582,1.794
2,1.608,1.617
2,2.073,1.514
2,2.268,2.139
2,2.077,1.368
2,2.38,1.876
2,3.019,2.105
2,1.946,3.139
2,1.406,2.42
2,1.59,2.077
2,2.122,1.689
2,2.07,1.77
2,2.162,2.002
2,1.798,1.582
2,1.595,0.645
2,2.546,2.348
2,2.616,2.525
2,1.992,2.209
2,2.229,2.398
2,1.372,1.8
2,2.5,1.537
2,1.63,1.949
2,1.515,2.263
2,1.395,2.538
2,1.466,2.947
2,1.356,1.299
2,2.347,1.932
2,2.317,2.154
2,2.354,1.697
2,2.715,1.483
2,2.466,1.606
2,2.801,2.886
2,1.7,2.431
2,2.03,0.947
2,1.903,1.459
2,2.624,2.383
2,1.672,1.382
2,2.534,2.282
2,1.908,1.956
2,1.857,1.456
2,2.439,1.877
2,1.962,1.864
2,2.953,1.623
2,2.348,1.865
2,2.273,1.879
2,2.124,2.011
2,1.7,3.53
2,1.575,2.076
2,1.63,1.989
2,2.305,2.104
2,1.748,1.825
2,2.275,2.046
2,2.52,1.937
2,2.077,2.11
2,1.764,1.773
2,1.653,2.968
2,2.041,2.797
2,2.344,1.601
2,2.366,2.189
2,2.291,1.544
2,2.074,1.282
2,2.884,1.579
2,1.825,1.691
2,2.177,2.283
2,2.62,1.462
2,2.045,1.82
2,2.497,1.471
2,1.303,1.024
2,2.077,1.675
2,1.938,2.149
2,1.627,1.094
2,1.439,2.068
2,1.976,2.134
2,1.969,2.181
2,2.019,1.358
2,1.608,1.895
2,1.652,2.157
2,2.089,2.499
2,2.137,2.053
2,1.935,1.933
2,2.016,1.949
2,2.536,2.499
2,1.195,2.306
2,1.906,2.344
2,1.501,2.376
2,2.266,2.342
2,1.986,1.577
2,1.608,1.867
2,1.591,1.899
2,2.752,2.703
2,2.031,2.655
2,1.804,2.019
2,1.779,3.208
2,2.313,2.211
2,1.292,2.171
2,1.75,1.945
2,2.036,2.046
2,2.058,1.808
2,1.558,2.19
2,1.386,2.267
2,2.431,0.253
2,2.019,2.339
2,2.823,2.592
2,2.72,2.257
2,1.997,1.916
2,1.456,1.691
2,1.104,2.562
2,2.785,2.304
2,0.757,2.303
2,2.223,2.066
2,2.238,2.081
2,1.022,1.857
2,2.172,1.643
2,1.093,1.468
2,0.959,2.343
2,2.116,2.375
2,3.395,2.079
2,0.78,1.69
2,2.521,2.163
2,1.614,1.789
2,1.453,2.03
2,1.608,2.157
2,2.088,2.934
2,2.447,1.978
1,6.775,2.942
1,6.573,3.153
1,6.631,2.95
1,6.057,3.271
1,6.495,3.2
1,6.275,2.731
1,6.108,2.926
1,5.94,3.436
1,6.323,3.397
1,6.696,3.605
1,6.285,2.891
1,6.498,3.347
1,6.36,2.83
1,5.877,3.274
1,6.3,2.965
1,6.011,2.806
1,6.201,3.571
1,6.296,3.089
1,6.543,2.524
1,5.907,2.973
1,6.441,3.08
1,6.008,2.88
1,6.512,3.068
1,7.027,2.869
1,7.202,2.917
1,6.171,2.826
1,6.621,3.075
1,6.209,2.986
1,6.302,3.667
1,6.404,3.001
1,6.552,2.672
1,6.576,3.426
1,6.364,3.221
1,6.621,3.525
1,6.959,3.655
1,6.174,2.976
1,6.533,2.958
1,6.532,2.852
1,6.673,3.167
1,6.191,2.786
1,6.704,3.451
1,6.699,2.636
1,6.68,2.634
1,6.452,3.089
1,6.05,3.491
1,6.171,2.954
1,7.022,2.74
1,6.564,2.802
1,6.374,3.205
1,6.469,3.301
1,6.491,2.403
1,6.236,2.623
1,6.664,2.88
1,6.464,3.16
1,6.51,3.138
1,6.71,2.6
1,6.434,2.803
1,6.731,3.287
1,7.009,2.851
1,6.793,3.291
1,6.746,2.999
1,6.83,3.232
1,6.704,3.072
1,6.427,2.915
1,6.264,2.779
1,6.673,3.251
1,6.439,3.15
1,6.443,2.982
1,6.431,2.632
1,6.504,3.047
1,6.573,2.971
1,6.268,3.073
1,6.703,3.236
1,6.529,3.291
1,6.23,2.809
1,6.14,2.547
1,6.8,3.045
1,6.481,3.742
1,6.366,2.826
1,6.135,2.824
1,6.722,2.934
1,6.396,2.949
1,6.365,2.677
1,6.254,2.9
1,6.765,2.749
1,7.204,3.065
1,5.994,3.225
1,6.455,3.138
1,5.779,3.725
1,6.699,2.933
1,5.757,3.349
1,6.263,2.814
1,6.09,3.246
1,6.979,3.092
1,6.513,2.837
1,6.745,2.572
1,6.575,2.888
1,6.975,2.459
1,6.754,3.175
1,6.924,2.641
1,6.031,3.209
1,6.425,2.888
1,6.405,2.384
1,6.328,3.334
1,6.638,2.933
1,6.229,2.865
1,6.386,3.1
1,6.676,2.845
1,6.608,3.215
1,6.942,2.604
1,6.435,3.172
1,7.119,3.088
1,6.861,3.599
1,6.551,2.976
1,6.576,3.232
1,6.735,2.53
1,6.11,2.922
1,6.603,2.536
1,6.642,3.204
1,6.085,3.112
1,6.58,3.017
1,6.214,2.781
1,6.953,3.016
1,6.454,3.366
1,6.981,3.309
1,6.656,3.418
1,6.352,3.021
1,6.364,2.684
1,6.251,3.362
1,6.679,3.059
1,6.397,2.967
1,6.546,3.101
1,6.608,3.134
1,6.026,3.393
1,6.303,2.953
1,6.563,2.459
1,6.619,3.143
1,6.508,2.72
1,6.648,2.818
1,6.715,3.465
1,7.093,3.123
1,6.509,2.604
1,5.989,3.459
1,6.421,2.608
1,6.772,2.958
1,6.497,2.873
1,6.78,2.806
1,6.69,3.079
1,6.508,3.381
1,6.031,2.497
1,6.234,3.532
1,6.84,2.621
1,6.405,3.476
1,6.952,2.822
1,6.344,3.172
1,6.415,2.822
1,7.027,3.358
1,6.68,3.212
1,6.544,2.715
1,6.752,2.647
1,6.392,3.336
1,6.464,2.723
1,6.388,2.864
1,6.022,2.943
1,6.604,2.831
1,6.247,2.923
1,6.371,2.57
1,6.328,3.163
1,6.605,2.725
1,6.864,3.266
1,6.082,2.689
1,6.743,3.276
1,6.784,3.102
1,6.63,3.255
1,6.81,2.563
1,6.157,2.871
1,6.302,3.539
1,6.689,2.897
1,6.451,2.848
1,6.314,3.186
1,6.623,3.025
1,6.102,2.665
1,6.712,2.938
1,6.267,3.714
1,6.323,3.166
1,6.728,2.943
1,6.463,2.98
1,6.203,2.344
1,6.415,3.021
1,6.471,3.556
1,6.172,2.992
1,6.229,2.993
1,6.566,2.68
1,6.122,2.653
1,6.791,3.318
1,5.977,2.919
1,6.823,2.543
1,6.503,3.312
1,6.376,2.919
1,6.623,2.528
1,6.748,2.737
1,6.417,3.309
1,6.21,3.017
1,7.007,3.205
1,6.349,2.907
1,6.005,3.348
1,6.168,2.877
1,6.868,3.378
1,7.414,3.025
1,6.855,3.099
1,6.918,2.913
1,7.133,3.274
1,6.571,3.328
1,6.748,2.857
1,6.51,3.643
1,6.682,3.101
1,6.264,2.8
1,6.579,2.827
1,6.443,3.005
1,6.294,2.61
1,6.449,3.032
1,6.319,3.062
1,6.762,2.802
1,6.697,3.319
1,6.149,2.625
1,6.588,2.555
1,6.553,2.811
1,6.812,2.917
1,6.703,2.932
1,6.355,3.138
1,6.214,2.643
1,6.58,3.152
1,6.323,2.852
1,6.319,3.275
1,6.56,1.908
1,6.184,2.67
1,6.443,2.97
1,6.489,3.329
1,6.834,2.949
1,6.327,3.009
1,6.28,2.706
1,5.888,2.668
1,6.273,2.84
1,6.15,3.02
1,6.757,2.557
1,6.507,3.313
1,6.675,3.474
1,6.67,3.519
1,6.681,3.182
1,6.433,2.889
1,6.351,3.366
1,6.049,3.259
1,6.703,3.319
1,6.628,3.235
1,6.286,2.858
1,5.915,2.76
1,6.687,2.938
1,6.938,3.246
1,6.263,2.863
1,6.567,2.796
1,6.689,3.323
1,6.151,3.178
1,6.286,3.468
1,6.805,3.264
1,6.832,3.01
1,6.483,2.735
1,6.276,3.043
1,6.553,3.32
1,6.85,2.569
1,6.561,2.765
1,6.371,2.7
1,6.1,3.021
1,6.428,3.103
1,6.018,2.799
1,6.485,2.352
1,6.825,3.081
1,6.482,2.628
1,6.147,2.914
1,6.632,2.891
1,6.65,2.501
1,6.381,2.938
1,6.264,3.554
1,6.401,2.891
1,6.394,3.136
1,6.736,2.791
1,6.783,2.402
1,6.775,2.804
1,6.471,3.276
1,6.341,3.084
1,6.611,2.448
1,6.508,3.209
1,6.64,2.637
1,6.365,3.285
1,6.467,3.563
1,6.449,2.628
1,6.524,2.911
1,6.52,2.971
1,6.627,2.878
1,6.706,3.121
1,6.653,3.266
1,6.048,2.326
1,6.515,3.322
1,6.367,3.701
1,6.271,3.245
1,6.211,2.857
1,6.741,3.375
1,6.445,3.633
1,6.28,2.812
1,6.329,3.045
1,6.109,3.116
1,6.44,3.406
1,6.483,3.178
1,5.917,2.789
1,6.288,2.983
1,6.489,3.111
1,6.448,2.839
1,6.478,2.827
1,6.764,2.796
1,6.115,3.144
1,6.348,2.77
1,6.208,2.761
1,6.088,2.809
1,6.485,3.084
1,6.611,3.06
1,6.23,2.381
1,6.929,2.688
1,6.707,2.98
1,6.672,3.619
1,6.351,3.643
1,6.711,2.649
1,6.525,2.192
1,6.378,3.311
1,6.843,3.002
1,6.745,2.8
1,7.036,3.203
1,6.581,2.395
1,6.396,3.284
1,6.404,2.529
1,6.435,3.114
1,6.937,3.092
1,6.317,2.469
1,6.714,3.458
1,6.857,3.16
1,6.504,3.155
1,7.228,3.391
1,6.635,3.265
1,6.648,2.724
1,6.278,2.928
1,6.582,3.456
1,7.019,2.545
1,6.521,2.598
1,6.82,3.241
1,6.454,3.041
1,6.371,3.223
1,5.988,2.928
1,6.369,2.969
1,5.634,2.989
1,6.934,3.292
1,6.24,3.177
1,6.721,2.975
1,6.497,2.992
1,6.767,2.663
1,6.574,2.954
1,6.769,3.129
1,6.4,2.958
1,7.035,3.03
1,6.745,3.098
1,5.839,2.618
1,7.123,3.047
1,6.76,2.563
1,6.406,2.611
1,6.774,2.973
1,6.412,2.821
1,5.886,2.891
1,6.491,3.067
1,6.24,2.509
1,6.276,2.842
1,6.667,3.638
1,6.355,2.954
1,6.51,3.57
1,6.981,3.131
1,6.338,2.263
1,6.104,2.606
1,6.667,2.894
1,6.739,2.849
1,6.62,3.142
1,6.086,2.617
1,6.802,3.165
1,6.942,3.088
1,6.915,2.973
1,6.418,3.474
1,6.858,2.975
1,6.87,2.827
1,6.381,2.943
1,6.394,3.159
1,6.468,3.247
1,6.396,2.178
1,6.409,2.851
1,6.26,3.172
1,6.479,3.549
1,6.528,2.943
1,6.702,3.13
1,6.542,2.941
1,6.398,3.135
1,6.748,2.814
1,6.056,3.284
1,6.801,2.719
1,6.391,2.802
1,6.621,3.007
1,6.356,3.209
1,5.918,2.779
1,6.415,3.69
1,7.122,2.77
1,6.129,3.13
1,6.61,3.392
1,6.717,3.425
1,6.918,2.976
1,5.777,2.998
1,6.547,3.352
1,6.906,3.291
1,6.944,2.871
1,6.537,2.69
1,6.404,2.863
1,6.874,2.979
1,6.313,3.035
1,6.241,2.903
1,6.742,2.47
1,6.169,2.34
1,6.458,3.477
1,6.61,3.047
1,6.887,3.201
1,6.458,3.051
1,6.614,3.614
1,5.978,2.747
1,6.816,2.946
1,6.126,3.368
1,6.485,2.24
1,6.428,2.904
1,6.452,2.954
1,6.224,2.735
1,6.562,2.865
1,6.384,3.031
1,6.966,2.528
1,6.441,3.044
1,6.132,3.492
1,6.698,3.117
1,5.521,2.856
1,7.109,3.07
1,6.513,2.967
1,6.748,2.938
1,6.424,2.573
1,5.617,2.793
1,6.763,2.711
1,6.122,3.272
1,6.215,3.146
1,6.456,3.034
1,6.317,3.108
1,6.46,3.134
1,6.679,2.673
1,6.676,2.715
1,6.478,3.321
1,6.089,2.374
1,6.362,2.957
1,6.54,3.897
1,5.94,2.838
1,7.006,3.121
1,5.977,2.993
1,6.9,3.381
1,6.35,2.834
1,6.23,3.082
1,6.356,2.881
1,6.393,3.047
1,6.432,3.085
1,6.608,3.042
1,6.321,3.188
1,6.451,3.616
1,6.697,3.098
1,6.675,2.815
1,6.228,3.126
1,6.252,3.253
1,6.242,2.652
1,6.341,3.412
1,6.401,3.132
1,6.401,2.182
1,6.918,3.19
1,6.068,3.205
1,6.387,2.431
1,7.077,3.105
1,6.554,3.139
1,6.343,3.196
1,6.371,3.314
1,6.231,2.904
1,6.559,3.036
1,5.695,3.447
1,6.703,2.949
1,6.831,2.604
1,6.407,2.694
1,6.956,3.069
1,7.156,2.327
1,6.668,3.169
1,6.669,2.741
1,6.363,2.68
1,6.322,2.419
1,6.135,3.189
1,6.612,2.961
1,6.627,2.196
1,6.125,3.412
1,6.602,2.868
1,6.612,2.678
1,6.111,3.583
1,6.338,2.825
1,6.261,2.808
1,6.498,2.678
1,5.985,2.933
1,7.088,3.271
1,6.555,2.906
1,6.52,2.905
1,6.253,3.202
1,6.326,3.537
1,7.235,2.913
1,6.167,2.524
1,6.666,3.316
1,6.381,2.977
1,6.301,3.401
1,6.648,3.324
1,6.51,3.202
1,6.072,2.774
1,6.132,2.823
1,6.656,2.975
1,6.07,2.556
1,6.537,3.123
1,6.378,2.568
1,6.501,3.144
1,6.995,3.065
1,6.482,3.557
1,6.597,3.057
1,6.38,3.087
1,6.726,3.108
1,6.96,2.641
1,6.551,2.976
1,7.101,3.246
1,6.754,2.514
1,5.806,2.719
1,6.716,2.621
1,6.435,3.39
1,6.209,3.45
1,6.388,3.149
1,6.69,2.689
1,6.197,2.985
1,6.617,2.836
1,6.833,2.981
1,7.023,3.015
1,6.767,3.316
1,6.058,2.944
1,6.959,3.302
1,6.299,3.173
1,6.002,3.52
1,6.554,2.92
1,6.546,3.142
1,6.548,2.822
1,6.444,3.032
1,6.121,3.164
1,6.635,2.848
1,6.712,2.843
1,6.407,2.546
1,6.243,3.271
1,6.296,3.088
1,5.9,3.509
1,6.605,3.1
1,6.642,2.79
1,6.265,2.286
1,6.237,3.313
1,6.676,3.082
1,5.973,3.273
1,6.808,2.659
1,6.614,3.367
1,5.991,2.85
1,6.395,2.598
1,7.205,2.505
1,6.077,3.045
1,6.096,2.625
1,6.484,2.779
1,6.624,3.044
1,6.802,3.195
1,6.265,3.126
1,6.76,3.467
1,6.64,2.99
1,5.929,2.884
1,6.657,3.436
1,6.53,2.916
1,6.243,2.77
1,5.629,3.087
1,6.031,3.131
1,5.888,3.005
1,6.526,2.925
1,6.807,3.231
1,6.782,2.815
1,6.479,2.431
1,6.716,2.795
1,6.819,3.5
1,6.122,3.031
1,6.592,3.137
1,6.453,3.006
1,6.943,3.273
1,6.396,2.863
1,6.249,2.616
1,6.322,2.614
1,6.025,3.043
1,6.11,2.612
1,6.511,3.248
1,6.592,2.863
1,6.548,2.958
1,6.202,3.013
1,6.689,2.82
1,6.549,3.353
1,6.338,2.968
1,6.753,2.437
1,6.749,3.209
1,6.994,2.586
1,6.661,2.823
1,6.413,2.64
1,6.162,2.868
1,6.418,3.358
1,6.328,2.584
1,5.989,3.087
1,6.978,2.831
1,6.793,3.324
1,6.352,2.79
1,6.558,2.886
1,5.874,2.957
1,6.39,2.972
1,6.403,3.085
1,6.784,3.062
1,6.838,2.536
1,6.045,2.785
1,6.695,3.089
1,6.421,3.46
1,6.405,2.751
1,6.967,3.179
1,6.204,3.018
1,6.361,2.928
1,6.91,3.055
1,5.954,3.359
1,6.567,2.725
1,6.607,3.405
1,6.583,3.502
1,6.263,2.337
1,6.785,3.285
1,7.012,2.693
1,6.638,3.272
1,6.46,2.808
1,6.888,3.357
1,5.857,2.65
1,6.86,2.619
1,6.966,2.83
1,6.584,3.101
1,6.172,2.851
1,6.473,2.786
1,6.769,3.107
1,6.449,3.367
1,6.785,3.363
1,6.109,2.555
1,6.492,2.527
1,6.58,3.696
1,6.511,3.632
1,6.657,2.289
1,6.77,2.947
1,7.023,3.125
1,6.5,3.118
1,6.418,3.239
1,6.654,2.775
1,6.75,2.977
1,6.361,3.258
1,5.916,2.659
1,6.189,3.172
1,6.271,3.35
1,6.295,3.046
1,6.552,2.649
1,6.547,3.511
1,6.306,2.56
1,6.161,3.045
1,5.937,3.217
1,6.743,2.845
1,5.998,2.866
1,7.064,3.242
1,6.423,2.794
1,6.366,2.665
1,6.885,2.974
1,6.564,3.113
1,6.097,3.143
1,6.33,3.086
1,6.084,3.351
1,6.675,3.284
1,6.351,3.197
1,6.277,2.961
1,6.725,2.887
1,6.517,3.108
1,5.992,2.701
1,6.437,2.964
1,5.893,3.199
1,6.223,2.761
1,6.434,3.255
1,6.41,2.751
1,5.947,2.814
1,6.932,3.283
1,6.516,2.629
1,6.454,3.032
1,6.422,3.204
1,6.429,2.906
1,5.92,2.765
1,6.872,3.279
1,6.637,3.317
1,6.153,2.73
1,6.614,3.318
1,6.795,2.97
1,6.889,2.762
1,6.407,3.476
1,6.568,2.329
1,6.241,3.029
1,6.789,3.319
1,6.321,2.887
1,6.05,2.865
1,6.57,2.543
1,5.865,2.943
1,6.625,2.985
1,6.273,2.381
1,6.163,2.939
1,6.316,2.968
1,7.069,3.127
1,6.11,3.005
1,6.573,3.114
1,6.584,2.882
1,6.292,3.195
1,6.553,3.236
1,6.125,3.668
1,6.136,2.515
1,6.589,2.624
1,5.999,2.719
1,6.734,3.152
1,6.373,2.93
1,6.622,2.827
1,6.359,2.866
1,6.565,3.069
1,6.616,3.308
1,6.536,3.423
1,6.493,2.63
1,6.314,3.187
1,6.557,2.84
1,6.39,2.578
1,6.425,3.076
1,6.664,2.671
1,6.617,2.751
1,6.136,3.206
1,6.065,3.496
1,6.346,3.572
1,7.233,3.068
1,6.478,3.321
1,6.337,2.786
1,6.701,2.804
1,6.617,2.942
1,6.292,3.297
1,5.794,2.958
1,6.192,3.231
1,6.619,2.629
1,6.402,3.246
1,6.163,3.177
1,6.507,3.395
1,6.175,2.574
1,6.357,2.83
1,6.643,3.395
1,6.737,3.374
1,6.431,2.83
1,7.017,2.888
1,6.005,2.781
1,6.268,3.156
1,6.409,3.262
1,6.711,3.071
1,6.459,3.135
1,6.895,3.084
1,6.439,2.475
1,6.343,2.882
1,6.627,2.674
1,6.63,2.749
1,6.136,3.265
1,6.75,3.118
1,6.846,2.557
1,6.766,2.887
1,6.616,3.221
1,6.001,3.27
1,6.494,2.431
1,6.727,3.106
1,6.55,2.915
1,6.286,2.489
1,6.399,2.796
1,6.097,2.624
1,6.938,3.357
1,5.985,2.752
1,6.516,2.763
1,6.504,2.874
1,5.882,3.057
1,6.368,3.103
1,6.056,2.759
1,6.311,2.698
1,6.681,3.455
1,6.608,3.223
1,6.585,3.065
1,6.766,3.077
1,6.575,3.082
1,6.626,2.917
1,6.283,2.781
1,6.713,3.08
1,6.508,2.852
1,6.637,3.595
1,6.569,2.176
1,7.424,3.075
1,6.637,2.822
1,6.915,3.311
1,6.189,2.868
1,6.555,2.958
1,6.679,3.194
1,6.447,2.701
1,6.419,2.979
1,6.516,2.989
1,6.444,3.456
1,6.551,2.971
1,6.468,2.837
1,6.261,2.858
1,5.987,3.316
1,6.211,3.308
1,5.658,3.083
1,6.654,2.758
1,6.153,2.886
1,6.707,3.176
1,6.954,3.304
1,6.541,3.466
1,6.262,3.274
1,6.354,2.612
1,6.062,3.234
1,6.597,3.202
1,6.472,2.959
1,7.083,2.987
1,6.406,2.992
1,6.39,3.104
1,6.889,2.626
1,6.484,2.883
1,6.628,3.031
1,6.447,2.834
1,6.434,2.932
1,6.261,2.779
1,6.504,3.212
1,6.819,2.858
1,6.944,2.562
1,6.787,2.922
1,6.695,2.698
1,6.56,2.95
1,6.367,2.568
1,6.374,3.589
1,6.223,3.182
1,6.217,2.816
1,6.725,2.596
1,6.175,3.11
1,6.601,3.403
1,6.72,3.059
1,6.079,2.973
1,6.127,2.953
1,6.339,3.31
1,6.311,2.856
1,6.657,2.818
1,6.453,2.977
1,6.907,2.899
1,6.419,3.265
1,6.948,2.964
1,5.941,3.169
1,6.286,3.58
1,6.909,2.9
1,6.148,2.86
1,6.62,3.095
1,6.248,2.795
1,6.349,2.896
1,6.262,3.047
1,6.118,2.886
1,7.317,2.48
1,6.252,2.434
1,6.583,2.738
1,6.09,2.486
1,6.793,3.05
1,6.377,2.897
1,6.275,2.49
1,6.491,2.938
1,6.201,3.166
1,6.704,3.208
1,6.81,3.072
1,6.315,2.388
1,5.771,2.976
1,6.205,2.623
1,6.406,3.034
1,6.132,3.064
1,6.731,2.644
1,6.583,3.127
1,6.617,3.537
1,6.262,3.246
1,5.92,3.516
1,6.198,3.133
1,6.366,2.656
1,6.428,3.122
1,6.258,2.438
1,6.548,3.372
1,6.221,3.693
1,6.132,3.293
1,6.39,2.517
1,6.827,3.69
1,6.215,3.075
1,6.212,3.324
1,6.338,3.09
1,6.542,3.002
1,7.041,3.037
1,6.388,3.343
1,6.357,3.146
1,6.483,3.09
1,6.385,3.272
1,5.8,3.058
1,6.329,3.505
1,6.571,2.951
1,6.778,2.844
1,6.696,3.008
1,6.429,2.402
1,6.279,3.098
1,6.044,3.489
1,6.108,3.155
1,6.552,3.023
1,6.412,3.278
1,5.989,2.662
1,6.492,2.837
1,6.377,3.127
1,6.353,2.622
1,6.542,2.634
1,6.087,3.154
1,6.123,2.793
1,6.641,2.295
1,6.611,3.292
1,6.014,2.945
1,6.114,2.538
1,6.152,3.108
1,6.764,2.557
1,6.51,3.429
1,6.611,2.583
1,6.95,3.413
1,6.594,2.771
1,6.594,3.075
1,6.254,3.284
1,6.985,2.938
1,6.154,3.166
1,6.043,3.655
1,6.748,3.573
1,6.556,2.651
1,6.386,2.914
1,6.477,3.41
1,7.266,3.069
1,6.005,3.113
1,6.833,2.95
1,6.369,3.304
1,6.52,3.001
1,6.306,3.036
1,6.599,3.412
1,6.082,2.899
1,6.44,3.558
1,6.686,3.46
1,6.599,3.437
1,6.607,3.313
1,6.371,2.626
1,6.529,3.226
1,6.209,3.321
1,6.057,2.657
1,6.363,2.781
1,6.445,3.035
1,6.897,2.833
1,6.132,3.552
1,6.399,3.101
1,6.272,2.681
1,6.319,3.091
1,6.596,3.196
1,6.661,3.058
1,6.201,2.574
1,5.788,3.155
1,6.341,2.432
1,6.04,2.758
1,6.852,3.165
1,6.048,2.335
1,6.421,3.14
1,6.225,2.549
1,6.7,3.1
1,6.428,2.068
1,6.836,3.306
1,6.858,3.781
1,6.789,3.069
1,6.675,2.666
1,6.215,3.084
1,6.04,3.253
1,6.493,3.324
1,6.677,3.315
